id,username,Extraversion,Neuroticism,Agreeableness,Conscientiousness,Opennes
0,Chiefette1970,0.238042649,0.334883721,0.487312333,0.600645176,0.807860166
1,Bollinge,0.70232418,0.988045358,0.844236775,0.592833256,0.984614924
2,DRuben1330,0.673320637,0.947242525,0.717961485,0.652734936,0.943953756
3,FairTaxBill,0.688393608,0.968447517,0.762323757,0.600645176,0.965085125
4,Cinghio,0.67499765,0.949601784,0.958618142,0.536463151,0.946304823
5,Atlanta_Ga_Doorman,0.306054835,0.430564784,0.684603137,0.122712317,0.429069889
6,AusTravellerSydney,0.678421551,0.954418605,0.68876539,0.678638523,0.976694351
7,19katy80,0.702563123,0.988381508,0.746089431,0.683438249,0.984949907
8,Esqbyday,0.428476769,0.602790698,0.721138471,0.619662072,0.600697844
9,DCMontreal,0.663118809,0.932890365,0.73840972,0.756237965,0.929651426
10,England1983,0.673895388,0.948051097,0.816130339,0.673996062,0.944759521
11,Aprile_24,0.69557917,0.978556327,0.957543573,0.485425157,0.975158838
12,BLinFlorence,0.396737749,0.558139535,0.766807639,0.750403235,0.556201708
13,Arandale,0.677506002,0.95313059,0.740117865,0.64065475,0.949821378
14,ChristinaF,0.746248403,0.96,0.791746083,0.621798802,0.956666937
15,DianeChayer,0.655831789,0.922638823,0.588697885,0.607776512,0.919435476
16,AvniBaroda,0.669494951,0.941860465,0.804647806,0.673996062,0.938590382
17,Cestovatel_W,0.678421551,0.954418605,0.697089897,0.613644067,0.95110492
18,CarolynAnnM,0.306054835,0.430564784,0.794209139,0.572119831,0.429069889
19,AndyOEastYorkshire,0.535595961,0.753488372,0.487312333,0.600645176,0.936728771
20,EC_Traveller,0.618910888,0.870697674,0.650587481,0.606546971,0.934506899
21,Bob1949,0.698518594,0.982691575,0.713510215,0.678698042,0.979279728
22,Bubsta,0.546097843,0.768262654,0.602398636,0.696918214,0.765595292
23,DrWolf,0.677030392,0.952461492,0.805746613,0.609653179,0.949154603
24,Betsyat240,0.664877745,0.935364876,0.6788344,0.714746554,0.932117345
25,Akis1966,0.357063974,0.502325581,0.543681134,0.161059916,0.500581537
26,CraigH3,0.698346115,0.982448927,0.812476806,0.652941641,0.979037923
27,Alexandriciul,0.627566985,0.882875264,0.58184751,0.616690682,0.970959495
28,Battota_AA,0.702024085,0.987623177,0.806335761,0.655268176,0.984194208
29,Bel1,0.679292438,0.955643789,0.664305729,0.619662072,0.952325851
30,Electricwireless,0.646115763,0.9089701,0.869062018,0.575598532,0.90581421
31,Austinguytexas,0.523693829,0.736744186,0.590655135,0.7351218,0.734186254
32,Blitchy,0.555432849,0.781395349,0.62657643,0.530170795,0.944309277
33,Bear_Eskimo,0.677030392,0.952461492,0.658643821,0.632173188,0.949154603
34,AttitudeAdjuster,0.67886237,0.95503876,0.618839536,0.739706231,0.951722922
35,BeansterIreland,0.563785222,0.793145655,0.648067803,0.714746554,0.790391901
36,CZGreenlee,0.627566985,0.882875264,0.643500886,0.643433193,0.879809974
37,DaveW62,0.655831789,0.922638823,0.780508389,0.750403235,0.919435476
38,BritishAsianfamily,0.14282559,0.200930233,0,0,0.517905803
39,CAMoraga_Family,0.685845653,0.964862998,0.704332217,0.626317986,0.991497929
40,Alasunk,0.546097843,0.768262654,0.684603137,0.589948172,0.765595292
41,Agent9,0.743906287,0.963222249,0.609249011,0.661261533,0.950823775
42,DuRiechstSoGut,0.627566985,0.882875264,0.787358764,0.670175703,0.879809974
43,Escapefromthedesert,0.723005962,0.979844961,0.801016965,0.663365499,0.976442998
44,Angel84India,0.656997712,0.92427907,0.78526171,0.621602572,0.921070028
45,BusinessTraveller019,0.555432849,0.781395349,0.781314315,0.681187325,0.778682391
46,CheshireDesire,0.74109701,0.930232558,0.430234491,0.494078794,0.745857346
47,DontCareAboutName,0.663118809,0.932890365,0.750366738,0.725119407,0.929651426
48,ESLteacherNewYork,0.306054835,0.430564784,0.101652895,0.857373277,0.429069889
49,Blakely69,0.650649908,0.915348837,0.69954941,0.643433193,0.912170801
50,Chris020,0.688393608,0.968447517,0.792216303,0.68622121,0.965085125
51,Canuckle007,0.630112895,0.886456908,0.734424047,0.662882291,0.883379183
52,BigRuss1213,0.656997712,0.92427907,0.78526171,0.726389552,0.921070028
53,ArtRussianMom,0.673320637,0.947242525,0.708430529,0.739551202,0.943953756
54,Amerisam,0.638956585,0.898898409,0.711264056,0.614522371,0.895777487
55,Crouchinho,0.61210967,0.861129568,0.599354024,0.587967245,0.965366239
56,Emzaro,0.692322515,0.973974791,0.790836647,0.640141807,0.970593209
57,BermyBye,0.698603428,0.98281092,0.797802778,0.677336266,0.990600074
58,Airpudin,0.608331215,0.855813953,0.886952679,0.594062404,0.852842619
59,DougStevens,0.357063974,0.502325581,0.449733133,0.673996062,0.500581537
60,Chris_Sandeman,0.694152341,0.976549032,0.740178011,0.670552358,0.973158513
61,Dunn45,0.649207226,0.913319239,0.676956207,0.74791556,0.910148249
62,Chelsea-v-Inter,0.660231499,0.928828434,0.861658986,0.594062404,0.925603597
63,Belgian_EU,0.702275202,0.987976455,0.86819319,0.600645176,0.98454626
64,Americk,0.546097843,0.768262654,0.725705388,0.803888256,0.765595292
65,AryanaToronto,0.704943023,0.991729604,0.77370221,0.619968796,0.988286379
66,14beacon,0.595106623,0.837209302,0.756085312,0.689941907,0.834302562
67,Fa-HEE-tahs,0.306054835,0.430564784,0.465391133,0.572119831,0.429069889
68,Bearable1,0.690123647,0.970881376,0.812786428,0.625302677,0.967510534
69,Caspiano,0.664013706,0.934149327,0.942960142,0.56702602,0.930906016
70,DublinMaire,0.608331215,0.855813953,0.406372517,0.561148545,0.592253075
71,AsquareIU,0.659195029,0.927370304,0.781314315,0.664407711,0.92415053
72,ElizabethChester,0.699403661,0.983936706,0.723788703,0.624588729,0.980520536
73,Emiwillseetheworld11,0.672120422,0.945554036,0.640433554,0.621081244,0.986737484
74,Dafyda,0.677030392,0.952461492,0.771134191,0.665953202,0.949154603
75,Deanna12,0.664877745,0.935364876,0.598072083,0.564613162,0.882468306
76,DapaNewcastleEngland,0.656997712,0.92427907,0.691313709,0.639067069,0.921070028
77,ATJLancsUK,0.494396272,0.695527728,0.739406138,0.643433193,0.693112897
78,AnnaL_10,0.72520826,0.973738819,0.809503,0.608605737,0.970358056
79,DLagent,0.649207226,0.913319239,0.707543928,0.74791556,0.910148249
80,Back_to_Sandringham,0.664013706,0.934149327,0.684603137,0.673996062,0.930906016
81,6079max,0.677030392,0.952461492,0.75382798,0.542093153,0.949154603
82,Badgerjim,0.676041124,0.951069767,0.622394325,0.672344015,0.961980052
83,AndyCatChilliwack,0.630112895,0.886456908,0.634782227,0.662882291,0.883379183
84,Europamonkey,0.677969571,0.953782749,0.566565904,0.648918836,0.950471273
85,AQMRN,0.729173846,0.962790698,0.798824129,0.618661183,0.990989237
86,Chellis74,0.684059403,0.962350061,0.691599265,0.657088943,0.959008839
87,Dave504076,0.476085299,0.669767442,0.654710591,0.507289503,0.667442049
88,AnnaC23,0.454445058,0.639323467,0.684603137,0.771797243,0.637103774
89,Bowtell,0.670847466,0.943763214,0.740249261,0.653307351,0.940486524
90,ElhamValleyMan,0.736461702,0.942826476,0.561296385,0.616690682,0.986061284
91,D_and_LWales_UK,0.676542267,0.951774786,0.610071056,0.657695865,0.975389353
92,AdelaideNev,0.555432849,0.781395349,0.897367729,0.530170795,0.778682391
93,Awful_Kgp,0.658117913,0.925854993,0.776672179,0.566414762,0.981832783
94,Crackin-Toast,0.682737709,0.960490672,0.640760736,0.572119831,0.990424024
95,CazRob,0.660231499,0.928828434,0.456959902,0.594062404,0.703773984
96,BobSanJuan,0.535595961,0.753488372,0.794209139,0.600645176,0.750872306
97,Cole17,0.396737749,0.558139535,0.84901214,0.536463151,0.556201708
98,Benjamin_S,0.715784217,1,0.85339384,0.559394156,0.99652806
99,CJTravelerTexas,0.655831789,0.922638823,0.533894884,0.625604852,0.919435476
100,Bariloche-61,0.684372617,0.962790698,0.847281519,0.609653179,0.959447946
101,AngloIrishRover,0.494396272,0.695527728,0.520194134,0.643433193,0.693112897
102,Buckeye582,0.599867476,0.843906977,0.602398636,0.786059916,0.840976982
103,BellsHollow,0.632513325,0.889833887,0.684603137,0.706356747,0.886744437
104,ClaireUK87,0.661229582,0.930232558,0.665990797,0.639396587,0.927002846
105,Dtona,0.510091392,0.717607973,0.608722059,0.824459418,0.715116481
106,Davepuddy,0.690123647,0.970881376,0.762627749,0.661563708,0.967510534
107,CaliforniaDaveS,0.476085299,0.669767442,0.654710591,0.662882291,0.667442049
108,CTwydale,0.724561235,0.990038055,0.79020892,0.638748373,0.986600702
109,Averbuch,0.745891509,0.917290192,0.67729607,0.714746554,0.914105415
110,Eve18,0.699327369,0.983829377,0.783933576,0.670175703,0.98041358
111,Desk-Escape-com,0.688623379,0.968770764,0.729038003,0.653070134,0.96540725
112,AstonUk,0.668786491,0.940863787,0.801280494,0.664137072,0.98557413
113,DadTravels,0.630112895,0.886456908,0.694567319,0.63695016,0.883379183
114,DRDerbyshire,0.679292438,0.955643789,0.680543655,0.60909713,0.989230796
115,Budfisher,0.494396272,0.695527728,0.629800136,0.714746554,0.693112897
116,AustenWodehouse,0.428476769,0.602790698,0.648067803,0.714746554,0.600697844
117,CraigB1970,0.700394718,0.985330948,0.822802009,0.627930288,0.981909938
118,Anon_Contributor,0.396737749,0.558139535,0.766807639,0.750403235,0.556201708
119,DinoN11,0.476085299,0.669767442,0.654710591,0.662882291,0.667442049
120,AvocadoInParadise,0.599867476,0.843906977,0.739406138,0.821716596,0.840976982
121,Cymrobach,0.650649908,0.915348837,0.520194134,0.565636798,0.847399397
122,AyrshireBacon,0.698852484,0.983161298,0.698745847,0.700943968,0.979747821
123,Caomhinstravels,0.652029866,0.917290192,0.662681937,0.543594487,0.914105415
124,3kidsmama,0.676542267,0.951774786,0.794209139,0.680516141,0.988276213
125,Aquarian_Mermaid,0.647697441,0.911195241,0.606313136,0.63324557,0.978150823
126,Ausyuppy,0.767067217,0.861129568,0.76985225,0.746441382,0.858139778
127,Beach-n-Scuba,0.595106623,0.837209302,0.784678182,0.652734936,0.959140703
128,Beaches2626,0.690123647,0.970881376,0.823932801,0.502015171,0.97659067
129,Entente-cordiale,0.695335107,0.978212974,0.778240053,0.593844431,0.974816677
130,AradhanaVerma,0.681294479,0.958460305,0.715190859,0.708112753,0.955132588
131,Bohemia123,0.621982406,0.875018755,0.684603137,0.572119831,0.968945923
132,Boccato,0.640884056,0.901610018,0.840359035,0.609653179,0.898479682
133,Aidasas,0.658117913,0.925854993,0.776672179,0.634875589,0.92264048
134,Competency,0.701708332,0.987178969,0.803781716,0.676131459,0.983751542
135,Emad_Ladonni,0.720934426,0.985605643,0.734708738,0.616945373,0.996560624
136,ARKJ14,0.634780398,0.893023256,0.581260335,0.600645176,0.889922732
137,CameliaMumbai,0.663118809,0.932890365,0.714495683,0.694000849,0.929651426
138,Casey26,0.652029866,0.917290192,0.706524337,0.714746554,0.914105415
139,Cheapestmanalive,0.555432849,0.781395349,0.665260901,0.580509639,0.778682391
140,Ervaan,0.693428587,0.975530839,0.792609051,0.654364438,0.972143855
141,Atena,0.654617286,0.920930233,0.649622498,0.684400443,0.980598935
142,7ContinentsX,0.67499765,0.949601784,0.684603137,0.619662072,0.946304823
143,ColMoscow,0.671493444,0.944671989,0.774280775,0.714746554,0.941392144
144,CheltenhamCheltenham,0.693868999,0.976150421,0.82082774,0.673996062,0.972761285
145,Faithie4,0.546097843,0.768262654,0.684603137,0.696918214,0.765595292
146,Diamondtail,0.789357435,0.80372093,0.632684505,0.654693197,0.800930459
147,CNam,0.699553908,0.984148078,0.851541509,0.587479632,0.980731175
148,ChrisCymru,0.608331215,0.855813953,0.70989683,0.791545559,0.852842619
149,Astra29,0.672120422,0.945554036,0.738588183,0.633853786,0.942271129
150,AVSENT,0.689502846,0.970008019,0.687462424,0.66017633,0.9927586
151,312Seaton,0.454445058,0.639323467,0.553075935,0.515069142,0.637103774
152,EuropeanPete,0.618910888,0.870697674,0.832004312,0.636055948,0.867674664
153,CBond2875,0.618910888,0.870697674,0.559879066,0.665564926,0.867674664
154,BambangKaro,0.523693829,0.736744186,0.778551139,0.673996062,0.734186254
155,Beans_puka_shell,0.627566985,0.882875264,0.643500886,0.536463151,0.879809974
156,Britsabroad2010,0.599867476,0.843906977,0.437989633,0.786059916,0.960891635
157,422,0.724123474,0.976744186,0.668507151,0.626976263,0.913298116
158,AbhishekBagri,0.615627541,0.866078589,0.426246132,0.76568467,0.932126321
159,Alfanumeric,0.707126694,0.994801642,0.814676108,0.643958844,0.99134775
160,DWJK,0.578103577,0.813289037,0.618839536,0.81458526,0.810465346
161,BrananMike,0.671493444,0.944671989,0.804173321,0.662882291,0.941392144
162,Cammi9,0.618910888,0.870697674,0.559879066,0.783600834,0.867674664
163,604tinkoo,0.684059403,0.962350061,0.733576032,0.657088943,0.959008839
164,CateWithASea,0.608331215,0.855813953,0.558134673,0.7586317,0.852842619
165,DanielleButton,0.642715153,0.904186047,0.591859597,0.626976263,0.951598226
166,Everlong08,0.701815397,0.987329591,0.717342592,0.629540979,0.983901642
167,Beeffinder,0.615627541,0.866078589,0.919473141,0.612870324,0.863071616
168,FLLtourist,0.663118809,0.932890365,0.774280775,0.725119407,0.929651426
169,BlindNinja,0.683078907,0.960970677,0.811071601,0.598764384,0.957634245
170,Bangkokexpat,0.689502846,0.970008019,0.693180998,0.60808657,0.966640209
171,CTBCalifornia,0.698080129,0.982074732,0.734761816,0.695407338,0.978665027
172,Earl_of_Doncaster,0.699093676,0.983500612,0.794209139,0.687579559,0.996049241
173,3love2travel3,0.584286503,0.821987315,0.731577138,0.470243601,0.819133424
174,AlaninVirginia,0.357063974,0.502325581,0.637629136,0.551744585,0.500581537
175,Abc123XYZ3,0.769103343,0.855813953,0.735190523,0.692803981,0.852842619
176,AdrianandLoretta,0.728141284,0.985048213,0.720063902,0.651823,0.991687441
177,Caximba,0.578103577,0.813289037,0.914775741,0.557857159,0.810465346
178,ExplorerX9,0.743298566,0.92427907,0.744998281,0.656531565,0.921070028
179,CaAz-JT,0.699701121,0.98435518,0.799772896,0.620627397,0.980937557
180,ConstantTraveller74,0.682737709,0.960490672,0.801516206,0.657695865,0.957155906
181,Birdyc3,0.638956585,0.898898409,0.729038003,0.591393713,0.895777487
182,Celeste598,0.494396272,0.695527728,0.520194134,0.714746554,0.693112897
183,Bingley1,0.669494951,0.941860465,0.721138471,0.660412565,0.938590382
184,Derman23,0.584286503,0.821987315,0.637629136,0.592495077,0.819133424
185,Blurgeshmurg,0.687431576,0.96709411,0.814889517,0.623250166,0.963736417
186,EmptyNestersCT,0.60426211,0.850089445,0.724061298,0.634875589,0.847137986
187,BienVago,0.737560084,0.939834959,0.614527169,0.710070268,0.936571908
188,Catherinelovesmiami,0.14282559,0.200930233,0.520194134,0.643433193,0.200232615
189,Emma8630,0.743906287,0.922638823,0.506493384,0.607776512,0.840077317
190,Bill_Fareham,0.689713317,0.970304114,0.724288069,0.709828391,0.966935277
191,CornwallDancer11,0.649207226,0.913319239,0.447548295,0.489197318,0.86630058
192,AshleyDCandBrussels,0.615627541,0.866078589,0.473220133,0.612870324,0.863071616
193,Clarey71,0.618910888,0.870697674,0.741295897,0.636055948,0.867674664
194,Deckwalker,0.74109701,0.930232558,0.777664837,0.639396587,0.927002846
195,Buffy24,0.742715153,0.925854993,0.618839536,0.566414762,0.92264048
196,CarrigeenYorkshire,0.695335107,0.978212974,0.756464026,0.593844431,0.974816677
197,AdamVancouver_BC,0.494396272,0.695527728,0.684603137,0.786059916,0.693112897
198,45Jen,0.571302359,0.80372093,0.459622396,0.609653179,0.800930459
199,BJC84,0.732691068,0.95313059,0.705954956,0.64065475,0.9760588
200,AnnaNorlander,0.14282559,0.200930233,0.52610881,0,0.200232615
201,AD09,0.660231499,0.928828434,0.70989683,0.610519334,0.925603597
202,Dr3z,0.741353858,0.966739798,0.719050738,0.641395668,0.963383335
203,BradandJanet,0.689920221,0.970595191,0.71551765,0.663547218,0.992902266
204,Darlox,0.728713257,0.996466632,0.759761538,0.667010263,0.993006959
205,BDL999,0.664013706,0.934149327,0.661116137,0.658714627,0.930906016
206,AnnaToni,0.546097843,0.768262654,0.643500886,0.643433193,0.765595292
207,Bribear,0.694291061,0.976744186,0.857060133,0.620991925,0.973352989
208,4bigdogsCalgary,0.727005068,0.968770764,0.657942218,0.622231923,0.992455736
209,CheersTravelGuy,0.650649908,0.915348837,0.744388229,0.604534996,0.912170801
210,Chris_Battersea,0.731144142,0.957373461,0.653287136,0.623057947,0.920620196
211,Burnleyguy,0.693124185,0.975102599,0.789337761,0.657695865,0.971717101
212,Boristhebold,0.67499765,0.949601784,0.593264802,0.750403235,0.946304823
213,Akramdash,0.705523997,0.992546932,0.749174649,0.664762567,0.989100868
214,Countrygirlplus3,0.674454173,0.948837209,0.726284293,0.537969771,0.960324431
215,FBIAgent,0.687431576,0.96709411,0.833501857,0.631323377,0.963736417
216,DetroitSunlover,0.668786491,0.940863787,0.843708624,0.70554483,0.937597165
217,Buff_G,0.689920221,0.970595191,0.749242574,0.722060745,0.992902266
218,DanEngland,0.664877745,0.935364876,0.759596717,0.639679858,0.932117345
219,Droplet5,0.726241171,0.970881376,0.718042256,0.618050471,0.967510534
220,Dorfer,0.667299886,0.938772398,0.728445538,0.62917052,0.935513036
221,CC161,0.563785222,0.793145655,0.757673805,0.762288795,0.790391901
222,Albuq1,0.571302359,0.80372093,0.528847239,0.78981325,0.800930459
223,Calnev,0.691984446,0.973499189,0.84901214,0.603319427,0.970119258
224,BirminghamLola,0.745200997,0.919148936,0.598824527,0.63413145,0.915957706
225,AV_Surrey,0.699403661,0.983936706,0.822604476,0.713268557,0.980520536
226,ClintonJ1,0.700460428,0.985423389,0.725705388,0.668118587,0.99651637
227,BarryC2010,0.729664473,0.96144036,0.7918264,0.69924365,0.958102297
228,Dam-Slo,0.686394824,0.965635584,0.72973502,0.664407711,0.962282955
229,B0F,0.357063974,0.502325581,0.543681134,0.796247539,0.500581537
230,Cheledonna,0.760236344,0.879069767,0.69521017,0.733150002,0.87601769
231,CorkeyWilson,0.696162465,0.97937692,0.605520325,0.629892681,0.96445999
232,Empathology,0.744114527,0.976744186,0.783478482,0.638944939,0.973352989
233,2jbsdad,0.74109701,0.930232558,0.591541437,0.687835852,0.927002846
234,Aussieseurosummer,0.578103577,0.813289037,0.585957735,0.600645176,0.810465346
235,Antsy280,0.690904275,0.97197958,0.803193238,0.646940407,0.968604925
236,DaveTRFC,0.684979869,0.963644993,0.735451282,0.623583082,0.960299275
237,ClareKEssex,0.644456929,0.906636415,0.536635034,0.707615218,0.903488628
238,Camilla_Kim,0.706550994,0.993991734,0.885741811,0.593362109,0.990540654
239,CocoSianElle,0.656997712,0.92427907,0.664471422,0.726389552,0.961713501
240,ColetteAndJim,0.696385639,0.979690885,0.766807639,0.68622121,0.976289457
241,CliffWalker,0.684059403,0.962350061,0.754564415,0.70260811,0.959008839
242,DennisvdMolen,0.703587314,0.989822363,0.894072385,0.508730177,0.986385759
243,2tampuh2,0.546097843,0.768262654,0.602398636,0.536463151,0.940755915
244,Champcar,0.510091392,0.717607973,0.811071601,0.626976263,0.715116481
245,BENtraveln,0.578103577,0.813289037,0.618839536,0.600645176,0.810465346
246,BuddyMalloy,0.720999872,0.985423389,0.807909889,0.684575517,0.99651637
247,Andariego,0.681294479,0.958460305,0.707543928,0.618556439,0.955132588
248,Bel20,0.684372617,0.962790698,0.78497916,0.717749222,0.959447946
249,BaggageAllowance,0.693868999,0.976150421,0.656418737,0.637320619,0.973548373
250,BSFTL,0.860729,0.904186047,0.844796525,0.714746554,0.901046767
251,BobbyGAus,0.702420933,0.988181472,0.872692449,0.573880655,0.984750565
252,Christofofofof,0.702372756,0.988113695,0.774280775,0.648737492,0.984683023
253,B_Pope,0.691091563,0.972243061,0.665889917,0.603428136,0.993305232
254,BrlDsguise,0.679712143,0.956234239,0.764802651,0.62777904,0.989376311
255,AGirlInVermont,0.636924927,0.896040226,0.775941472,0.595890952,0.892929228
256,AyeletH,0.615627541,0.866078589,0.802038139,0.582307454,0.863071616
257,CaptainD4,0.686923074,0.966378738,0.84901214,0.56937701,0.963023528
258,Campaspediva,0.661229582,0.930232558,0.628766117,0.736275116,0.927002846
259,Corey87,0.798207963,0.927370304,0.703945373,0.69796694,0.944309277
260,D0cBr0wn,0.686394824,0.965635584,0.72973502,0.60567906,0.962282955
261,BrutalNick,0.14282559,0.200930233,0.684603137,0.857373277,0.200232615
262,B-Abroad,0.658117913,0.925854993,0.631992256,0.651990796,0.962502492
263,Almousa,0.649207226,0.913319239,0.799307093,0.668309947,0.910148249
264,DrVikas,0.664877745,0.935364876,0.563459661,0.714746554,0.932117345
265,Angela075,0.679712143,0.956234239,0.756782699,0.700831752,0.952914251
266,2CachePirates,0.535595961,0.753488372,0.706524337,0.714746554,0.750872306
267,4038,0.690323683,0.971162791,0.792367021,0.702761115,0.967790972
268,DarthPaulo,0.632513325,0.889833887,0.607234194,0.555340217,0.944309277
269,Explorer1012,0.986387045,0.911195241,0.966447142,0.673996062,0.908031625
270,Familytour4,0.494396272,0.695527728,0.629800136,0.714746554,0.693112897
271,EarlysvilleTraveller,0.694152341,0.976549032,0.865221478,0.62836699,0.973158513
272,Dusan_Laura,0.742715153,0.925854993,0.750366738,0.651990796,0.92264048
273,BlockIslandgirl831,0.624861955,0.879069767,0.69521017,0.70554483,0.87601769
274,CHM1,0.679712143,0.956234239,0.708662991,0.638215142,0.952914251
275,AANetherlands,0.357063974,0.502325581,0.637629136,0.796247539,0.500581537
276,ChrisT1962,0.754966813,0.893023256,0.806735539,0.625095471,0.889922732
277,Aussienando,0.702563123,0.988381508,0.756782699,0.634736441,0.984949907
278,Bradstir,0.627566985,0.882875264,0.643500886,0.643433193,0.879809974
279,EGANSMIND,0.704731528,0.991432069,0.755141653,0.658260723,0.987989876
280,CharlieYM,0.238042649,0.334883721,0.487312333,0.600645176,0.333721025
281,BCLions123,0.546097843,0.768262654,0.725705388,0.643433193,0.765595292
282,Carol__26__Kevin,0.687179724,0.966739798,0.756629938,0.576194881,0.963383335
283,Alverson,0.650649908,0.915348837,0.535140407,0.565636798,0.979196834
284,AwakenTampa,0.680912695,0.957923202,0.843209469,0.520103027,0.989792315
285,ArnaudLondon75,0.396737749,0.558139535,0.684603137,0.643433193,0.556201708
286,Baker07,0.627566985,0.882875264,0.684603137,0.616690682,0.879809974
287,Carl_Pressman,0.658117913,0.925854993,0.618839536,0.754682037,0.92264048
288,BooTerp02,0.647697441,0.911195241,0.715919138,0.592495077,0.908031625
289,BeingGreen,0.659195029,0.927370304,0.665260901,0.647628096,0.887455481
290,CarolynLeanne,0.698933736,0.983275606,0.795381396,0.621695965,0.979861732
291,Annette7256,0.454445058,0.639323467,0.618839536,0.234268968,0.637103774
292,2156Michael,0.671493444,0.944671989,0.584961317,0.72771262,0.986518914
293,Dougiebear,0.667299886,0.938772398,0.618839536,0.657695865,0.985054498
294,FairfaxVaTraveller,0.357063974,0.502325581,0.637629136,0.673996062,0.500581537
295,BarryBethal,0.695210651,0.978037887,0.724061298,0.674811072,0.974642198
296,EmmaBelgium,0.68556283,0.964465116,0.721138471,0.662882291,0.961116551
297,BlackpoolTourist,0.627566985,0.882875264,0.725705388,0.803888256,0.879809974
298,BrendaBaltimore,0.653351101,0.919148936,0.698899572,0.63413145,0.980151888
299,Armymed,0.690123647,0.970881376,0.812786428,0.632554883,0.967510534
300,Cincygrl67,0.454445058,0.639323467,0.553075935,0.68622121,0.637103774
301,Babs065,0.624861955,0.879069767,0.61035391,0.677939658,0.87601769
302,Ecube,0.428476769,0.602790698,0.574997135,0.714746554,0.600697844
303,DaniLK,0.636924927,0.896040226,0.922082808,0.477035349,0.892929228
304,Brazil_Fan1,0.563785222,0.793145655,0.538461801,0.619662072,0.790391901
305,Capodicapi2,0.696495159,0.979844961,0.845948618,0.636789091,0.976442998
306,AnupMehta,0.523693829,0.736744186,0.543681134,0.979624754,0.734186254
307,Cary101,0.546097843,0.768262654,0.807909889,0.750403235,0.765595292
308,CAR50,0.630112895,0.886456908,0.694567319,0.688814423,0.883379183
309,BMBeer,0.685845653,0.964862998,0.605686816,0.600645176,0.981832783
310,Bunnydots,0.73245308,0.987550717,0.749242574,0.670861409,0.984122
311,2FoodJunkies,0.730370678,0.959498302,0.714495683,0.692055939,0.956166981
312,CB_Aberdeen,0.667299886,0.938772398,0.673642537,0.643433193,0.935513036
313,Antoinette78,0.691091563,0.972243061,0.740742797,0.68691695,0.968867491
314,Arlette004,0.773684626,0.843906977,0.766807639,0.928686639,0.840976982
315,BeLLaJade,0.454445058,0.639323467,0.487312333,0.68622121,0.637103774
316,CavanJet,0.627566985,0.882875264,0.479091883,0.616690682,0.970959495
317,Awkward_Veggie,0.702176016,0.987836917,0.833814669,0.630848482,0.984407207
318,5herry,0.681667587,0.958985201,0.832004312,0.596710646,0.955655662
319,CBacha,0.476085299,0.669767442,0.654710591,0.507289503,0.667442049
320,Antonius-Pax,0.618910888,0.870697674,0.763973001,0.577037994,0.867674664
321,CJKITTEN,0.664013706,0.934149327,0.778551139,0.612870324,0.930906016
322,AngelenePenguin,0.630112895,0.886456908,0.594925499,0.63695016,0.883379183
323,AA7482,0.857063974,0.639323467,0.618839536,0.771797243,0.90451162
324,Ayrshirelinz,0.630112895,0.886456908,0.714495683,0.688814423,0.883379183
325,Bjod,0.696162465,0.97937692,0.788659468,0.678638523,0.975976582
326,5264,0.523693829,0.736744186,0.731577138,0.673996062,0.734186254
327,AggieAbroad,0.589931783,0.829929221,0.774280775,0.585085897,0.827047757
328,CyndersLovesToTravel,0.523693829,0.736744186,0.496707134,0.490618847,0.734186254
329,Basics100,0.720010089,0.988181472,0.688662619,0.714746554,0.997185648
330,2093,0.718636971,0.992014041,0.770697441,0.650856981,0.998114132
331,Dohme,0.428476769,0.602790698,0.574997135,0.619662072,0.600697844
332,AA75,0.742715153,0.925854993,0.724061298,0.651990796,0.92264048
333,ErstazMatt,0.653351101,0.919148936,0.698899572,0.671338421,0.915957706
334,30Brooklyn50,0.674454173,0.948837209,0.698496856,0.694658283,0.945542903
335,ChampagneLiverpool,0.687431576,0.96709411,0.697011364,0.607103744,0.992045012
336,DitaV2,0.687431576,0.96709411,0.771460724,0.647469798,0.963736417
337,AcerLeeds,0.677030392,0.952461492,0.485581712,0.677213206,0.975728481
338,Caymantraveller65,0.14282559,0.200930233,0.520194134,0.643433193,0.200232615
339,Duece1623,0.656997712,0.92427907,0.664471422,0.691460559,0.921070028
340,Aussie067,0.494396272,0.695527728,0.739406138,0.786059916,0.693112897
341,Dzinkstet,0.618910888,0.870697674,0.832004312,0.665564926,0.867674664
342,DJH-in-Austin,0.708213845,0.99633107,0.871524576,0.576854328,0.992871868
343,Anna1834,0.655831789,0.922638823,0.588697885,0.554291491,0.919435476
344,Brunlea,0.673320637,0.947242525,0.784678182,0.652734936,0.943953756
345,Courtesy_Flush,0.696710193,0.980147476,0.835899766,0.623745455,0.976744462
346,AusfamItaly,0.523693829,0.736744186,0.637629136,0.612870324,0.734186254
347,DmitryP4,0.640884056,0.901610018,0.615378294,0.519573144,0.975728481
348,5x24,0.589931783,0.829929221,0.774280775,0.623984094,0.827047757
349,Cholako,0.67499765,0.949601784,0.931216642,0.52457759,0.946304823
350,Curious_journey,0.454445058,0.639323467,0.684603137,0.942949311,0.637103774
351,Bazzer73,0.661229582,0.930232558,0.715623704,0.655543009,0.927002846
352,Brightrob,0.698169782,0.982200857,0.824997342,0.636221729,0.978790715
353,Clareinsguy,0.660231499,0.928828434,0.659309444,0.659890122,0.925603597
354,1KathrynK,0.589931783,0.829929221,0.594925499,0.623984094,0.827047757
355,DaveyJA,0.476085299,0.669767442,0.415570223,0.507289503,0.913298116
356,COCOFromOttawa,0.73293532,0.952461492,0.54615345,0.654693197,0.950293888
357,Eddie_tangjitsatukij,0.697616319,0.981422234,0.837541745,0.653383894,0.978014795
358,BecSutb,0.68203231,0.959498302,0.692076274,0.721229587,0.956166981
359,FairmindedTraveler,0.688393608,0.968447517,0.73840972,0.662882291,0.965085125
360,Chuck1001,0.494396272,0.695527728,0.520194134,0.786059916,0.693112897
361,Anecdotal,0.720714862,0.986217197,0.816433398,0.614842122,0.982793109
362,ARugby,0.546097843,0.768262654,0.479091883,0.536463151,0.765595292
363,Bjorn61,0.627566985,0.882875264,0.705154262,0.750403235,0.879809974
364,ChrisCalGal,0.396737749,0.558139535,0.520194134,0.857373277,0.556201708
365,Def90,0.14282559,0.200930233,0.84901214,0.643433193,0.200232615
366,Anne154,0.664877745,0.935364876,0.724984296,0.669706536,0.932117345
367,Cheeser_9,0.396737749,0.558139535,0.520194134,0.536463151,0.556201708
368,1ManhattanBeach,0.627566985,0.882875264,0.766807639,0.750403235,0.879809974
369,ChrisG1956,0.744539869,0.920930233,0.775552798,0.720815776,0.917732818
370,FDanvers,0.703225231,0.989312977,0.769012357,0.704910228,0.985878142
371,Bee833,0.691275854,0.972502326,0.785369945,0.677939658,0.969125856
372,Canadagrrl,0.655831789,0.922638823,0.670902387,0.732574895,0.981027354
373,DaisyFred,0.693724292,0.975946844,0.748474261,0.632659232,0.972558415
374,Cashmra,0.650649908,0.915348837,0.624818045,0.68233139,0.935264355
375,CJohannessen,0.666519418,0.937674419,0.745908189,0.690572533,0.934418869
376,Davidius,0.683078907,0.960970677,0.70267006,0.645784183,0.957634245
377,Edith2000,0.578103577,0.813289037,0.750366738,0.515069142,0.810465346
378,DavefromJersey,0.671493444,0.944671989,0.784244957,0.598051963,0.941392144
379,Caiybpf,0.677969571,0.953782749,0.684603137,0.648918836,0.950471273
380,Daveo_1978,0.699250283,0.98372093,0.91701377,0.545984044,0.98030551
381,CAblossom,0.476085299,0.669767442,0.535140407,0.662882291,0.913298116
382,ATP1,0.738631267,0.981818182,0.720303378,0.722896653,0.984594253
383,Desert-dweller_99,0.571302359,0.80372093,0.667296926,0.564613162,0.800930459
384,Calbarry,0.476085299,0.669767442,0.594925499,0.585085897,0.913298116
385,Altaskibum,0.67886237,0.95503876,0.799689439,0.761100239,0.951722922
386,54Penny,0.357063974,0.502325581,0.82552514,0.673996062,0.500581537
387,Corb2000,0.707606232,0.995476266,0.704919124,0.803521082,0.992020032
388,BennyDoran,0.69181145,0.973255814,0.827004636,0.63837949,0.969876728
389,Farnborough,0.720262542,0.987477639,0.745286288,0.638842204,0.984049175
390,DandMtraveling,0.67499765,0.949601784,0.82161064,0.536463151,0.946304823
391,Earlham99,0.654617286,0.920930233,0.817529565,0.647985109,0.917732818
392,Cuttingblade,0.676041124,0.951069767,0.613507352,0.626086699,0.948919045
393,EnglishKnight2010,0.684372617,0.962790698,0.708831832,0.609653179,0.959447946
394,Andrea63,0.7193637,0.989984722,0.673762983,0.598764384,0.994082381
395,CFFour,0.454445058,0.639323467,0.881893941,0.515069142,0.637103774
396,AnarKhaos,0.584286503,0.821987315,0.543681134,0.796247539,0.819133424
397,Durham2urist,0.584286503,0.821987315,0.700261137,0.673996062,0.819133424
398,Brenmeryl,0.675526437,0.950345695,0.562985518,0.734284461,0.987923149
399,Calibrator,0.61210967,0.861129568,0.74549536,0.683051727,0.858139778
400,AusTripPlanner,0.630112895,0.886456908,0.774280775,0.559153766,0.883379183
401,2teeth,0.694827193,0.977498429,0.82552514,0.575030581,0.974104613
402,BigCanadianFamily,0.68556283,0.964465116,0.774280775,0.645594204,0.961116551
403,2008travellover,0.703587314,0.989822363,0.784466383,0.670373796,0.986385759
404,Cyril1,0.595106623,0.837209302,0.555935222,0.652734936,0.834302562
405,AdarshP,0.454445058,0.639323467,0.750366738,0.515069142,0.637103774
406,A_Florida_Traveler,0.725123027,0.973974791,0.745308,0.659890122,0.970593209
407,FanMan10,0.535595961,0.753488372,0.487312333,0.771797243,0.750872306
408,CarKri02,0.697225511,0.980872437,0.637629136,0.592495077,0.949385509
409,Drysdale,0.618910888,0.870697674,0.627910377,0.51802004,0.967834986
410,Evgenia_87,0.523693829,0.736744186,0.590655135,0.673996062,0.734186254
411,Botticelligirl,0.618910888,0.870697674,0.58255617,0.72458288,0.967834986
412,Chris1978,0.694011668,0.97635113,0.682271094,0.629777443,0.972961297
413,Catty140,0.599867476,0.843906977,0.465391133,0.714746554,0.920620196
414,Alxon,0.654617286,0.920930233,0.761560543,0.556946776,0.917732818
415,Eat-A-Lot,0.674454173,0.948837209,0.772596688,0.670552358,0.945542903
416,AustinBeach001,0.735784922,0.944671989,0.664674773,0.520255568,0.986518914
417,DeboraPN,0.621982406,0.875018755,0.881893941,0.600645176,0.871980742
418,AACC777,0.789357435,0.80372093,0.632684505,0.834853268,0.800930459
419,BostonRico,0.642715153,0.904186047,0.878521448,0.539205972,0.901046767
420,AffairsinMiami,0.701260778,0.98654934,0.683115273,0.623104044,0.996789705
421,Donkey37,0.630112895,0.886456908,0.734424047,0.559153766,0.883379183
422,Arthur010,0.660231499,0.928828434,0.659309444,0.610519334,0.963989438
423,AZSoonerOrLater,0.571302359,0.80372093,0.73652177,0.654693197,0.800930459
424,Causette1,0.679292438,0.955643789,0.802328102,0.619662072,0.952325851
425,DetSam,0.655831789,0.922638823,0.684603137,0.714746554,0.919435476
426,AfricanHeather,0.685845653,0.964862998,0.796401259,0.626317986,0.961513051
427,Biz_Traveller008,0.652029866,0.917290192,0.823437406,0.562611383,0.914105415
428,Essexfamilyontour,0.701202555,0.986467431,0.705527919,0.631763734,0.983042475
429,Doctor99,0.494396272,0.695527728,0.218944696,0.786059916,0.693112897
430,Belgian,0.646115763,0.9089701,0.981341338,0.512981922,0.90581421
431,ConatserFamily,0.630112895,0.886456908,0.634782227,0.63695016,0.883379183
432,CherrySlurpees,0.679712143,0.956234239,0.836982213,0.669523447,0.952914251
433,BinDereDoneDat,0.721346939,0.98445717,0.737745441,0.688814423,0.981039193
434,Chica_and_Chico,0.644456929,0.906636415,0.750366738,0.729009227,0.903488628
435,23stationroad,0.563785222,0.793145655,0.648067803,0.667204313,0.790391901
436,EmilyWaugh,0.636924927,0.896040226,0.702870804,0.548348711,0.974315448
437,BettyB000_10,0.555432849,0.781395349,0.549207488,0.681187325,0.778682391
438,CurlySarah,0.686394824,0.965635584,0.723287608,0.60567906,0.991687441
439,Clement,0.638956585,0.898898409,0.83568168,0.614522371,0.895777487
440,1Vegas2008,0.578103577,0.813289037,0.84901214,0.600645176,0.810465346
441,Dr_QBatonRouge,0.727612479,0.96709411,0.76525661,0.679762641,0.963736417
442,Dr._Bob_4,0.69557917,0.978556327,0.716840196,0.742712578,0.975158838
443,CherlyLondon,0.546097843,0.768262654,0.643500886,0.536463151,0.765595292
444,BeingUs,0.563785222,0.793145655,0.648067803,0.619662072,0.790391901
445,Backfixer,0.654617286,0.920930233,0.57966122,0.739023443,0.917732818
446,DAISYBOO17,0.652029866,0.917290192,0.458084066,0.543594487,0.979684973
447,DrAndyC,0.670847466,0.943763214,0.628957013,0.626976263,0.940486524
448,Betabloke,0.698603428,0.98281092,0.797802778,0.57913426,0.979398659
449,CheshireRexxie,0.668055177,0.939834959,0.754679106,0.55575283,0.936571908
450,Bon_voyage79,0.727241345,0.968118393,0.772086827,0.665023477,0.964757144
451,Chiller2k9,0.14282559,0.200930233,0.684603137,0,0.200232615
452,19822011,0.476085299,0.669767442,0.654710591,0.81847508,0.667442049
453,2011ChgoWanderer,0.624861955,0.879069767,0.589139845,0.539913797,0.87601769
454,DirectorJay,0.589931783,0.829929221,0.834065867,0.585085897,0.827047757
455,EUTrav,0.731349156,0.956810631,0.736104752,0.615079688,0.977873567
456,Dramatics,0.743906287,0.922638823,0.547595635,0.572119831,0.981027354
457,A.Brouwer,0.689070827,0.969400245,0.640954729,0.679405419,0.992609848
458,EalingExpat,0.730188176,0.96,0.80652442,0.69872108,0.956666937
459,AndiJ_AJ,0.723174532,0.97937692,0.755361442,0.705719546,0.975976582
460,AcuV,0.660231499,0.928828434,0.811071601,0.676347052,0.925603597
461,DinerFan57,0.654617286,0.920930233,0.789545054,0.593362109,0.917732818
462,ElGuapo49,0.640884056,0.901610018,0.580765872,0.632173188,0.873990108
463,Amigolovelyhair,0.729497413,0.961900049,0.546711715,0.61352759,0.938807297
464,AhNOUR,0.679712143,0.956234239,0.772822602,0.721703955,0.952914251
465,DallasChris,0.644456929,0.906636415,0.733925838,0.643433193,0.903488628
466,ArthurCBirmingham,0.695816975,0.978890877,0.746123925,0.727628968,0.975492226
467,AngelaBax,0.689502846,0.970008019,0.716055294,0.66017633,0.966640209
468,Alchemy1200,0.684679373,0.963222249,0.472241508,0.679089873,0.981027354
469,CaliLover05,0.634780398,0.893023256,0.656418737,0.625095471,0.889922732
470,BEYLHR,0.653351101,0.919148936,0.613120962,0.689941907,0.915957706
471,Dobson-Shaw,0.695335107,0.978212974,0.69549115,0.667519163,0.974816677
472,EquineDoc,0.695084536,0.977860465,0.77508326,0.613280563,0.974465392
473,CJCPHXAZ,0.599867476,0.843906977,0.766807639,0.572119831,0.840976982
474,Adventure2009,0.664013706,0.934149327,0.649372636,0.643433193,0.930906016
475,BizzyLizzy1,0.60426211,0.850089445,0.434701452,0.600645176,0.846520747
476,DBSA42,0.729017118,0.963222249,0.725705388,0.670175703,0.981027354
477,Chicagotraveler83,0.668786491,0.940863787,0.557318748,0.595124141,0.892040464
478,Bildo,0.636924927,0.896040226,0.903815141,0.667204313,0.892929228
479,Debs_86,0.624861955,0.879069767,0.737638299,0.595124141,0.87601769
480,Ed_Grabow,0.563785222,0.793145655,0.684603137,0.714746554,0.947467822
481,Deborah0008,0.681667587,0.958985201,0.884917555,0.596710646,0.955655662
482,BluesTraveler75,0.664877745,0.935364876,0.6788344,0.699733215,0.932117345
483,DutchFlower,0.656997712,0.92427907,0.718155995,0.551744585,0.981438287
484,Dogger70,0.667299886,0.938772398,0.662681937,0.62917052,0.935513036
485,Bertrand_FRA,0.694827193,0.977498429,0.829998854,0.569209082,0.974104613
486,Campanellis,0.658117913,0.925854993,0.631992256,0.84025807,0.92264048
487,ClooneyFan,0.476085299,0.669767442,0.594925499,0.585085897,0.667442049
488,Earthbound-Traveler,0.697989463,0.981947182,0.774280775,0.599672721,0.97853792
489,Debmor,0.692322515,0.973974791,0.699779353,0.61381072,0.993728347
490,007solotraveler,0.660231499,0.928828434,0.811071601,0.528234686,0.925603597
491,Bruce-Two,0.669494951,0.941860465,0.82552514,0.606078575,0.938590382
492,CorkBuckley,0.763416233,0.870697674,0.786650104,0.606546971,0.867674664
493,Dubliner24,0.667299886,0.938772398,0.761327338,0.68622121,0.985054498
494,CowTails,0.665712494,0.93653922,0.571217618,0.650810437,0.934506899
495,Angela1702,0.656997712,0.92427907,1,0.386543798,0.921070028
496,Charlesgate,0.650649908,0.915348837,0.654710591,0.68233139,0.979196834
497,BHayes55,0.67499765,0.949601784,0.648067803,0.679089873,0.946304823
498,Azmi-Travel,0.654617286,0.920930233,0.803537309,0.684400443,0.917732818
499,Endlesslyrestless,0.644456929,0.906636415,0.717484938,0.600645176,0.903488628
500,Alkeshmehta,0.676542267,0.951774786,0.802977619,0.555004625,0.948470281
501,DeltaAT,0.357063974,0.502325581,0.543681134,0.673996062,0.500581537
502,DavidfromDorset,0.682737709,0.960490672,0.706524337,0.648187417,0.957155906
503,BE-Pieter,0.675526437,0.950345695,0.788203331,0.628779762,0.947046151
504,Bluechip78,0.686661489,0.966010733,0.687795545,0.695360398,0.962656802
505,ChrissyHny,0.735568352,0.984658105,0.763519459,0.656269598,0.981239431
506,Baxman,0.736461702,0.983829377,0.787358764,0.674632788,0.98041358
507,1771,0.571302359,0.80372093,0.667296926,0.834853268,0.800930459
508,BelDan23,0.683739525,0.961900049,0.780066429,0.61352759,0.95856039
509,Davsion,0.396737749,0.558139535,0.684603137,0.750403235,0.556201708
510,CCC1000,0.61210967,0.861129568,0.74549536,0.778136209,0.858139778
511,CharlesDP,0.697225511,0.980872437,0.751149638,0.69946512,0.977466907
512,Alice_W85,0.595106623,0.837209302,0.698899572,0.615527964,0.87509596
513,Albela_Musafir,0.673320637,0.947242525,0.727492442,0.727148878,0.943953756
514,BitteWesterlund,0.357063974,0.502325581,0.82552514,0.673996062,0.500581537
515,DW00d,0.654617286,0.920930233,0.523692198,0.575154442,0.960034796
516,BrianChiu,0.689070827,0.969400245,0.798088998,0.649113018,0.966034545
517,DenverWing,0.632513325,0.889833887,0.742629844,0.630848482,0.886744437
518,AJJean,0.396737749,0.558139535,0.437989633,0.643433193,0.556201708
519,Engangskamerat,0.555432849,0.781395349,0.781314315,0.630848482,0.778682391
520,California9,0.666519418,0.937674419,0.701322697,0.705076946,0.934418869
521,25YearsAbroad,0.72103307,0.985330948,0.68619163,0.648600828,0.991824769
522,Avsecken,0.595106623,0.837209302,0.727492442,0.615527964,0.834302562
523,FRANKGERMANYADEL,0.61210967,0.861129568,0.74549536,0.809831036,0.858139778
524,BAJB,0.563785222,0.793145655,0.648067803,0.572119831,0.790391901
525,Arilh,0.60426211,0.850089445,0.724061298,0.669106003,0.847137986
526,BeckyCooper,0.571302359,0.80372093,0.632684505,0.519573144,0.800930459
527,BinsSingapore,0.510091392,0.717607973,0.70989683,0.626976263,0.926815802
528,150NightsPerYear,0.696162465,0.97937692,0.813632988,0.586563044,0.995045893
529,Andrey_Buzin,0.74679904,0.981818182,0.84055682,0.649545767,0.978409368
530,Ad_Guy_Ed,0.621982406,0.875018755,0.903815141,0.572119831,0.871980742
531,BuddyPUSA,0.60426211,0.850089445,0.645144976,0.669106003,0.847137986
532,DawnJOhannesburg,0.599867476,0.843906977,0.602398636,0.679089873,0.840976982
533,BronwenL,0.654617286,0.920930233,0.649622498,0.684400443,0.917732818
534,Bethelpeeps,0.428476769,0.602790698,0.574997135,0.52457759,0.893772569
535,Angelschild,0.702468716,0.988248695,0.762764794,0.682012552,0.984817554
536,5Tim5,0.684372617,0.962790698,0.688064379,0.663701201,0.959447946
537,AllyBee43,0.60426211,0.850089445,0.618839536,0.634875589,0.885181329
538,CherylABQ,0.589931783,0.829929221,0.893850959,0.5461877,0.827047757
539,ChatVoyageur,0.659195029,0.927370304,0.819998787,0.614068867,0.92415053
540,Eldik,0.698603428,0.98281092,0.869675567,0.57913426,0.979398659
541,Edel24,0.546097843,0.768262654,0.684603137,0.536463151,0.940755915
542,BC_Eagle_JD,0.589931783,0.829929221,0.774280775,0.701780488,0.827047757
543,678855,0.715847997,0.999821109,0.646221252,0.695180433,1
544,EnDumEn,0.571302359,0.80372093,0.667296926,0.654693197,0.950293888
545,EdenbridgeGinger,0.428476769,0.602790698,0.721138471,0.619662072,0.600697844
546,AmoreBella,0.677506002,0.95313059,0.782821502,0.629540979,0.949821378
547,EnjoythejourneySA,0.454445058,0.639323467,0.618839536,0.600645176,0.637103774
548,Badgerhound,0.685845653,0.964862998,0.763519459,0.6605484,0.961513051
549,Colatown,0.571302359,0.80372093,0.632684505,0.699733215,0.950293888
550,AashishSharma,0.693724292,0.975946844,0.762667844,0.681911625,0.972558415
551,DGregory1,0.659195029,0.927370304,0.897367729,0.630848482,0.92415053
552,Deny_6,0.510091392,0.717607973,0.70989683,0.561148545,0.715116481
553,Aloushka,0.584286503,0.821987315,0.449733133,0.592495077,0.955138572
554,Conk99,0.729497413,0.961900049,0.772995074,0.622729314,0.95856039
555,Dogfish60min,0.640884056,0.901610018,0.563459661,0.497053135,0.898479682
556,Ennea,0.679712143,0.956234239,0.636483429,0.617342939,0.989376311
557,DorsetTravelmad,0.660231499,0.928828434,0.671956291,0.610519334,0.925603597
558,32369Terry,0.674454173,0.948837209,0.818909083,0.622340508,0.945542903
559,Bicky2,0.396737749,0.558139535,0.684603137,0.536463151,0.556201708
560,Bozz56,0.702563123,0.988381508,0.834308896,0.631257741,0.984949907
561,CarstenThue,0.673320637,0.947242525,0.775147226,0.615527964,0.943953756
562,AUandUKcitizen,0.649207226,0.913319239,0.722837789,0.74791556,0.910148249
563,DCBob,0.646115763,0.9089701,0.853022116,0.638215142,0.90581421
564,DNemo,0.671493444,0.944671989,0.804173321,0.611018028,0.941392144
565,Ddilts1,0.510091392,0.717607973,0.70989683,0.7586317,0.715116481
566,23betty,0.683078907,0.960970677,0.637629136,0.626976263,0.990542035
567,186402Sarah1984,0.673895388,0.948051097,0.731577138,0.637320619,0.944759521
568,Cramz,0.66219137,0.931585624,0.684603137,0.6513569,0.928351214
569,Aquaplsh,0.699701121,0.98435518,0.696287026,0.681442852,0.996256909
570,DeaconTraveler,0.745891509,0.917290192,0.633453669,0.657695865,0.979684973
571,AhmetD,0.686661489,0.966010733,0.821876674,0.645510281,0.962656802
572,Cassiopeia1,0.653351101,0.919148936,0.641713832,0.727148878,0.915957706
573,5474C,0.638956585,0.898898409,0.586846433,0.637651028,0.895777487
574,AAM17,0.589931783,0.829929221,0.684603137,0.779576883,0.827047757
575,Craig8246,0.454445058,0.639323467,0.750366738,0.771797243,0.637103774
576,AJC22,0.563785222,0.793145655,0.465391133,0.667204313,0.786382065
577,Devsarkar,0.693124185,0.975102599,0.774723628,0.632340003,0.971717101
578,AskPranav,0.694152341,0.976549032,0.781859167,0.616314027,0.973158513
579,Chickietravel,0.61210967,0.861129568,0.574997135,0.492882763,0.965366239
580,ChesterMitch,0.680121855,0.956810631,0.759874729,0.707872977,0.953488642
581,DiggerDeals,0.702125798,0.987766269,0.858030355,0.566703627,0.984336804
582,1VAnurse,0.758795456,0.882875264,0.746256513,0.616690682,0.879809974
583,Demoleo,0.546097843,0.768262654,0.602398636,0.750403235,0.765595292
584,Cortecera,0.687921418,0.96778323,0.727227693,0.722670261,0.964423145
585,AZStaish,0.655831789,0.922638823,0.876413641,0.607776512,0.919435476
586,Chipotlequeen,0.618910888,0.870697674,0.718618793,0.754091857,0.867674664
587,ALP86,0.7041051,0.990550796,0.781859167,0.661512637,0.987111662
588,ClemFR,0.690713917,0.97171178,0.622100541,0.578013498,0.977199904
589,AlysonSP,0.523693829,0.736744186,0.731577138,0.673996062,0.734186254
590,DagneyT,0.690520413,0.971439554,0.766807639,0.62917052,0.968066774
591,Busylady56,0.618910888,0.870697674,0.718618793,0.51802004,0.867674664
592,Chilla,0.535595961,0.753488372,0.750366738,0.885898622,0.750872306
593,Cheyanne83,0.60426211,0.850089445,0.82928306,0.669106003,0.847137986
594,Devon_girls,0.724561235,0.975530839,0.67260248,0.648118012,0.994108223
595,DeliKIZ,0.69145722,0.972757475,0.739844562,0.628029507,0.969380119
596,6dogs,0.686923074,0.966378738,0.684603137,0.659890122,0.963023528
597,Dougdog,0.728141284,0.965635584,0.574997135,0.588899446,0.991687441
598,CHINMAYVASAI,0.632513325,0.889833887,0.819998787,0.60567906,0.886744437
599,Blairz,0.689920221,0.970595191,0.79982996,0.692803981,0.967225343
600,AlisonandBill,0.589931783,0.829929221,0.624818045,0.507289503,0.827047757
601,Aussie_Andrew,0.682388928,0.96,0.69568689,0.621798802,0.956666937
602,AnniiL,0.634780398,0.893023256,0.675208337,0.771797243,0.889922732
603,APBPennsylvania,0.523693829,0.736744186,0.731577138,0.612870324,0.734186254
604,BishopORyan,0.670181613,0.942826476,0.705154262,0.603319427,0.986061284
605,Aman-India,0.684059403,0.962350061,0.719583776,0.556946776,0.959008839
606,ClaesMartin,0.454445058,0.639323467,0.487312333,0.68622121,0.637103774
607,Chillipeppa,0.691091563,0.972243061,0.665889917,0.693874351,0.968867491
608,Chompie,0.494396272,0.695527728,0.629800136,0.572119831,0.693112897
609,Dodson,0.684372617,0.962790698,0.701909348,0.76278924,0.959447946
610,Barbara48,0.571302359,0.80372093,0.667296926,0.834853268,0.800930459
611,CostantTraveller,0.658117913,0.925854993,0.750366738,0.634875589,0.92264048
612,Bigdaddi0,0.578103577,0.813289037,0.717484938,0.557857159,0.810465346
613,AJBoston5996,0.663118809,0.932890365,0.678624628,0.616204455,0.929651426
614,CubsFan3113,0.546097843,0.768262654,0.890114391,0.589948172,0.765595292
615,BlackburnRovers4,0.734259783,0.948837209,0.809646604,0.610287546,0.945542903
616,BertDC,0.656997712,0.92427907,0.651050279,0.691460559,0.921070028
617,Barb228,0.7538324,0.896040226,0.593264802,0.762288795,0.947467822
618,ContingencyPlan,0.678421551,0.954418605,0.838606507,0.591979248,0.95110492
619,ERT786,0.624861955,0.879069767,0.801280494,0.622729314,0.87601769
620,Em52mar,0.692322515,0.973974791,0.755425477,0.692803981,0.970593209
621,AJtripper,0.646115763,0.9089701,0.756782699,0.575598532,0.90581421
622,Destichado,0.656997712,0.92427907,0.637629136,0.673996062,0.921070028
623,Estrella1302,0.555432849,0.781395349,0.549207488,0.630848482,0.778682391
624,BReade81,0.833241303,0.695527728,0.629800136,0.50080647,0.693112897
625,EvoProudSalopian,0.14282559,0.200930233,0,0.643433193,0.759534438
626,Corpito,0.667299886,0.938772398,0.673642537,0.586382504,0.935513036
627,Amber9,0.630112895,0.886456908,0.634782227,0.559153766,0.971874755
628,Bongo_Craigy,0.655831789,0.922638823,0.588697885,0.679089873,0.919435476
629,ChicagoLondon,0.698432828,0.982570917,0.839020433,0.585515711,0.985143496
630,Bappa_Mumbai,0.658117913,0.925854993,0.605686816,0.651990796,0.92264048
631,FNguyen,0.510091392,0.717607973,0.659309444,0.561148545,0.926815802
632,9jajet,0.535595961,0.753488372,0.399627532,0.295276512,0.614557257
633,Brooke77,0.546097843,0.768262654,0.766807639,0.750403235,0.765595292
634,AndyChiara,0.726344702,0.970595191,0.70989683,0.634290454,0.992902266
635,BeATraveler,0.731559171,0.956234239,0.764802651,0.700831752,0.952914251
636,1happygolucky,0.634780398,0.893023256,0.900683541,0.52729429,0.889922732
637,Bouff,0.694291061,0.976744186,0.737489949,0.710756996,0.973352989
638,Elyriatraveler,0.510091392,0.717607973,0.456959902,0.561148545,0.715116481
639,BrasilRoma,0.494396272,0.695527728,0.574997135,0.714746554,0.693112897
640,Dreaming,0.615627541,0.866078589,0.449733133,0.673996062,0.863071616
641,Charlemaine,0.74109701,0.96709411,0.777664837,0.607103744,0.963736417
642,Alanis628,0.647697441,0.911195241,0.559339135,0.612870324,0.908031625
643,Auli51,0.684059403,0.962350061,0.719583776,0.657088943,0.959008839
644,EllicottCity_MDMoose,0.523693829,0.736744186,0.590655135,0.612870324,0.734186254
645,Alessandragerard,0.595106623,0.837209302,0.784678182,0.80156282,0.834302562
646,AHM,0.720210332,0.987623177,0.781149701,0.637060509,0.984194208
647,Dazzer6666,0.693577504,0.975740338,0.717961485,0.63413145,0.966144431
648,Daphne8100,0.627566985,0.882875264,0.869563265,0.589948172,0.879809974
649,Barmag,0.672729227,0.946410516,0.587891959,0.580509639,0.972736176
650,Andy_from_Oz,0.685274294,0.964059197,0.69802428,0.63033482,0.960712041
651,Dem6806,0.668055177,0.939834959,0.592965332,0.611868262,0.936571908
652,DocHappyTom,0.654617286,0.920930233,0.761560543,0.520531442,0.917732818
653,Bolotet,0.690123647,0.970881376,0.807213241,0.63980709,0.967510534
654,Cuiabano,0.630112895,0.886456908,0.913779323,0.507289503,0.883379183
655,Dan1113,0.700056461,0.984855081,0.779016228,0.637078537,0.981435723
656,ColleenNigel,0.454445058,0.639323467,0.487312333,0.600645176,0.637103774
657,ABCDEFG_1234,0.692810696,0.974661576,0.82552514,0.577481738,0.971277609
658,CJIMI,0.725039095,0.974207188,0.832696743,0.645066323,0.970824799
659,Chunkymicky,0.671493444,0.944671989,0.525176225,0.649916226,0.927942275
660,CheersTC,0.780609821,0.913319239,0.676956207,0.68821135,0.910148249
661,Don5617,0.357063974,0.502325581,0.543681134,0.673996062,0.500581537
662,Amarone61,0.687179724,0.966739798,0.662681937,0.641395668,0.963383335
663,Brianbiz555,0.428476769,0.602790698,0.940350475,0.52457759,0.600697844
664,DEEPBaroda,0.693428587,0.975530839,0.816610366,0.616885883,0.972143855
665,AngusAsh,0.788060375,0.93653922,0.707280241,0.606546971,0.98449903
666,Chanika,0.701318478,0.986630514,0.832719356,0.614522371,0.983204992
667,DamienOfSydney,0.686394824,0.965635584,0.845788434,0.614068867,0.962282955
668,Chris_Jetten,0.772074986,0.951069767,0.675716164,0.718601331,0.988102067
669,AtoZHouston,0.578103577,0.813289037,0.750366738,0.600645176,0.810465346
670,Bergern,0.694152341,0.976549032,0.809646604,0.646446433,0.973158513
671,EMA2010,0.624861955,0.879069767,0.801280494,0.567518969,0.87601769
672,ChicagoBizDude,0.660231499,0.928828434,0.760484215,0.643433193,0.925603597
673,EAM01,0.776274046,0.837209302,0.613120962,0.652734936,0.834302562
674,CarolineMcMuffin,0.735784922,0.944671989,0.694567319,0.675848357,0.941392144
675,Denby,0.684679373,0.963222249,0.739406138,0.759317405,0.991095214
676,DundeeDaytripper,0.767067217,0.861129568,0.550640246,0.714746554,0.893772569
677,ChrisLondon_UK,0.546097843,0.768262654,0.725705388,0.857373277,0.765595292
678,CAZZA0611,0.670181613,0.942826476,0.653776449,0.670175703,0.940755915
679,Bmthlad35,0.494396272,0.695527728,0.794209139,0.786059916,0.693112897
680,Eve159,0.523693829,0.736744186,0.637629136,0.612870324,0.734186254
681,AskingForHelp,0.66219137,0.931585624,0.648067803,0.635509486,0.947467822
682,FamilyFlight,0.694011668,0.97635113,0.742904202,0.575154442,0.972961297
683,Des_Gruntled,0.702468716,0.988248695,0.795107549,0.632911549,0.984817554
684,EFLMontreal,0.618910888,0.870697674,0.741295897,0.754091857,0.867674664
685,209967Jenny,0.634780398,0.893023256,0.412153932,0.551744585,0.780245464
686,Erinluvsire,0.357063974,0.502325581,0.82552514,0.918499015,0.500581537
687,Birdmombjk,0.494396272,0.695527728,0.84901214,0.572119831,0.693112897
688,Avinash_b11,0.584286503,0.821987315,0.543681134,0.551744585,0.819133424
689,Carrgirl42,0.357063974,0.502325581,0.731577138,0.673996062,0.500581537
690,DavidPortland,0.724561235,0.975530839,0.797409314,0.648118012,0.972143855
691,BMWM5Driver,0.679292438,0.955643789,0.696781582,0.672486784,0.952325851
692,AnnieB08,0.697711214,0.981555734,0.713113369,0.701555643,0.95646876
693,Angey,0.67886237,0.95503876,0.709264488,0.654130197,0.951722922
694,AmyL55,0.647697441,0.911195241,0.762893138,0.592495077,0.978150823
695,Avatar07,0.523693829,0.736744186,0.684603137,0.857373277,0.734186254
696,Crispymaster,0.61210967,0.861129568,0.599354024,0.619662072,0.858139778
697,AGRTraveler,0.892797981,0.558139535,0.684603137,0.750403235,0.556201708
698,Blueyedworldtraveler,0.60426211,0.850089445,0.618839536,0.600645176,0.962502492
699,AlabamaTraveler0,0.700525511,0.98551495,0.884411208,0.626031368,0.982093301
700,FENTON64,0.655831789,0.922638823,0.588697885,0.696918214,0.981027354
701,BeHappy001,0.454445058,0.639323467,0.553075935,0.600645176,0.637103774
702,Dopanijoso,0.693277497,0.975318282,0.781314315,0.637140837,0.971932035
703,FabioEKarin,0.670181613,0.942826476,0.818185452,0.630061937,0.939553039
704,Amyksholiday,0.589931783,0.829929221,0.505247861,0.779576883,0.827047757
705,Corbrunner,0.510091392,0.717607973,0.70989683,0.692803981,0.715116481
706,ColinRAtlanta,0.722342662,0.981687708,0.786650104,0.670483088,0.978279347
707,Brian5900,0.678421551,0.954418605,0.780334962,0.646141295,0.95110492
708,Ell1etravels,0.632513325,0.889833887,0.781314315,0.656017904,0.886744437
709,AceTexas,0.630112895,0.886456908,0.654710591,0.63695016,0.883379183
710,Astrid72,0.704209504,0.990697674,0.864479189,0.545781099,0.987258031
711,CapeTown78,0.661229582,0.930232558,0.616357891,0.67168943,0.946454704
712,Cynicor,0.700193744,0.985048213,0.813551375,0.668602614,0.981628185
713,BarefootReviewer,0.644456929,0.906636415,0.766807639,0.600645176,0.903488628
714,AdityaNewDelhi,0.691635729,0.973008606,0.768112472,0.673996062,0.969630379
715,AFamilyYorkshire,0.621982406,0.875018755,0.465391133,0.600645176,0.90451162
716,1NicePerson,0.729706807,0.993731041,0.76255182,0.64867968,0.995895965
717,Cleopatra03,0.584286503,0.821987315,0.731577138,0.592495077,0.863089568
718,Ctrigg1,0.659195029,0.927370304,0.691050549,0.647628096,0.92415053
719,Anna_Shaws_Holidays,0.691984446,0.973499189,0.741118732,0.610005055,0.970119258
720,CindyAult07,0.238042649,0.334883721,0.618839536,0.600645176,0.333721025
721,FWG_11,0.615627541,0.866078589,0.590655135,0.949061885,0.863071616
722,BarbM2015,0.668055177,0.939834959,0.743898187,0.667983694,0.936571908
723,Bearded_Beast,0.684979869,0.963644993,0.75579054,0.676516711,0.960299275
724,AsexualSydney,0.684059403,0.962350061,0.803537309,0.647985109,0.959008839
725,Baidoo,0.66219137,0.931585624,0.611532469,0.6513569,0.928351214
726,Aelwyn,0.71940234,0.989876881,0.717363603,0.656853788,0.986440088
727,ElTiante23,0.677969571,0.953782749,0.667740675,0.659890122,0.950471273
728,AliceBlue-Chicago,0.306054835,0.430564784,0.684603137,1,0.429069889
729,Bijouxmama,0.535595961,0.753488372,0.706524337,0.600645176,0.750872306
730,CJH1,0.535595961,0.753488372,0.618839536,0.295276512,0.750872306
731,AllyandBill,0.357063974,0.502325581,0.543681134,0.551744585,0.725016062
732,BAMMOSWIFE,0.673320637,0.947242525,0.698899572,0.665137259,0.943953756
733,BobHarvey,0.682388928,0.96,0.703076059,0.69872108,0.956666937
734,Dsbrown93446,0.675526437,0.950345695,0.725142343,0.699116228,0.947046151
735,CooperAlex,0.535595961,0.753488372,0.618839536,0.543594487,0.750872306
736,AM__26__AP,0.699172389,0.983611348,0.816130339,0.618661183,0.980196308
737,Brass612,0.61210967,0.861129568,0.74549536,0.619662072,0.858139778
738,AngelaDickens,0.688393608,0.968447517,0.720474192,0.670661931,0.965085125
739,CapeTownmaggie,0.636924927,0.896040226,0.812476806,0.572119831,0.974315448
740,EuropeaninAsia,0.664877745,0.935364876,0.771134191,0.639679858,0.932117345
741,BTT,0.721169132,0.98495212,0.763973001,0.665564926,0.981532426
742,808Couple,0.535595961,0.753488372,0.750366738,0.771797243,0.750872306
743,Bingenheimer,0.668055177,0.939834959,0.560622577,0.62589712,0.936571908
744,BobbyNL,0.555432849,0.781395349,0.587891959,0.781865012,0.778682391
745,Dencroft,0.704943023,0.991729604,0.754609551,0.608926728,0.988286379
746,Bird-Bird-Blogger,0.724411115,0.990247562,0.864388522,0.635737506,0.986809482
747,DoctorFeelgoodDorset,0.672729227,0.946410516,0.510523016,0.567924928,0.944309277
748,Becsupierz,0.546097843,0.768262654,0.807909889,0.643433193,0.765595292
749,Dreamtime18,0.584286503,0.821987315,0.668945137,0.836998031,0.819133424
750,EastCoastRoadWarrior,0.661229582,0.930232558,0.72803193,0.607103744,0.982926951
751,Captain_DaveMontreal,0.664877745,0.935364876,0.794209139,0.59463984,0.932117345
752,DJNYC212,0.737560084,0.939834959,0.819364615,0.513666256,0.936571908
753,CFCamden,0.615627541,0.866078589,0.661116137,0.7351218,0.863071616
754,BrownStreet,0.663118809,0.932890365,0.822108849,0.600645176,0.929651426
755,Amesthyite,0.718892482,0.991300317,0.673642537,0.680516141,0.997941359
756,Escape23,0.698933736,0.983275606,0.809448476,0.63542474,0.979861732
757,BJD081311,0.238042649,0.334883721,0.750366738,0.600645176,0.333721025
758,Christina_Poursain,0.630112895,0.886456908,0.794209139,0.740678686,0.883379183
759,CAGirl411,0.646115763,0.9089701,0.564303867,0.554726329,0.90581421
760,Evanston_Jeff,0.687179724,0.966739798,0.83805154,0.641395668,0.963383335
761,Consigliere,0.760236344,0.879069767,0.864922689,0.788360347,0.87601769
762,FabulousTravels,0.665712494,0.93653922,0.616571825,0.650810437,0.933287611
763,AyannaFlorida,0.636924927,0.896040226,0.648067803,0.667204313,0.920620196
764,Ana005,0.681667587,0.958985201,0.832004312,0.616383297,0.955655662
765,Charcar,0.578103577,0.813289037,0.585957735,0.643433193,0.810465346
766,ALadyDragon,0.695335107,0.978212974,0.760819231,0.627848154,0.974816677
767,CTSunseeker,0.589931783,0.829929221,0.445462769,0.468391306,0.825433157
768,BMWilliams1982,0.689920221,0.970595191,0.738000933,0.6781756,0.967225343
769,Djibuddha,0.677969571,0.953782749,0.718328061,0.583091118,0.950471273
770,Archerandchewy,0.663118809,0.932890365,0.846022885,0.616204455,0.929651426
771,COguy,0.454445058,0.639323467,0.881893941,0.68622121,0.637103774
772,Belle2375,0.789357435,0.80372093,0.528847239,0.564613162,0.746817142
773,DavidCarr404,0.655831789,0.922638823,0.602398636,0.696918214,0.919435476
774,2toots,0.710408532,0.999418605,0.814501254,0.635902056,0.999902951
775,EssexBarnes,0.705523997,0.992546932,0.806792305,0.667347945,0.989100868
776,FOSTERSAdelaide,0.701318478,0.986630514,0.779397517,0.653070134,0.983204992
777,EveyBl,0.673320637,0.947242525,0.717961485,0.578320993,0.917118331
778,FEN_10,0.664013706,0.934149327,0.614142136,0.628151758,0.966644698
779,CaffTwo,0.728421551,0.964862998,0.612263176,0.574972366,0.962502492
780,CityLoverWales,0.671493444,0.944671989,0.744388229,0.598051963,0.941392144
781,DCTerry,0.734402562,0.97635113,0.752232372,0.678331221,0.972961297
782,Bafio,0.61210967,0.861129568,0.672424692,0.778136209,0.858139778
783,EEYORETIGGERR,0.659195029,0.927370304,0.600786783,0.630848482,0.925358012
784,AFMom06,0.546097843,0.768262654,0.725705388,0.643433193,0.765595292
785,CymroDyserth,0.692810696,0.974661576,0.751355665,0.661127485,0.971277609
786,Dvine1_Cali,0.238042649,0.334883721,0.487312333,0.942949311,0.333721025
787,Ek_NZ,0.654617286,0.920930233,0.677607009,0.75723111,0.980598935
788,1oldseagull,0.701260778,0.98654934,0.718824016,0.723781731,0.9831241
789,BCtraveler44,0.702563123,0.988381508,0.874408653,0.617342939,0.984949907
790,BobDong,0.636924927,0.896040226,0.721138471,0.667204313,0.892929228
791,Campbie,0.68203231,0.959498302,0.684603137,0.555912249,0.956166981
792,Blerke,0.702656013,0.988512188,0.700513686,0.657235779,0.985080133
793,BabsLimerick_Ireland,0.687921418,0.96778323,0.733316916,0.667204313,0.964423145
794,1Angie,0.692650416,0.97443609,0.739406138,0.598051963,0.971052906
795,Bonnyblink,0.634780398,0.893023256,0.562470735,0.52729429,0.973548373
796,AznArt,0.14282559,0.200930233,0,0,0.200232615
797,Ella_Parker,0.676041124,0.951069767,0.791246815,0.614522371,0.94776771
798,DriveRideOrFly,0.661229582,0.930232558,0.641174344,0.607103744,0.927002846
799,Citybreaks39,0.60426211,0.850089445,0.697755857,0.669106003,0.847137986
800,BIBGNottingham,0.571302359,0.80372093,0.73652177,0.609653179,0.800930459
801,1984travel,0.683412768,0.96144036,0.520194134,0.680640164,0.969646295
802,Elman1952,0.685274294,0.964059197,0.691313709,0.656531565,0.991300681
803,C-Stop,0.660231499,0.928828434,0.659309444,0.692803981,0.925603597
804,Bruno80799,0.664013706,0.934149327,0.755064138,0.704558931,0.930906016
805,BHappynow,0.693277497,0.975318282,0.728123167,0.643433193,0.994056349
806,AngelFishLush,0.677506002,0.95313059,0.646169864,0.696223603,0.950954526
807,DublinHank,0.668055177,0.939834959,0.452813395,0.667983694,0.985318573
808,Bookend48,0.69557917,0.978556327,0.746928119,0.658814506,0.975158838
809,AlexUkie,0.578103577,0.813289037,0.717484938,0.643433193,0.810465346
810,BoldlyGO,0.660231499,0.928828434,0.558134673,0.561148545,0.908228983
811,Charliegirl211,0.69557917,0.978556327,0.751226393,0.602882458,0.975158838
812,CBT_11,0.584286503,0.821987315,0.668945137,0.673996062,0.955138572
813,Aussie_travellers201,0,0,0.794209139,0.534446976,0
814,CAWWales,0.66219137,0.931585624,0.74549536,0.667204313,0.928351214
815,Daffodils52,0.535595961,0.753488372,0.487312333,0.657695865,0.750872306
816,Activetravell3r,0.680121855,0.956810631,0.886647936,0.553217495,0.953488642
817,EricNYC10023,0.61210967,0.861129568,0.721138471,0.683051727,0.858139778
818,ErnestoH,0.306054835,0.430564784,0.684603137,0.714746554,0.429069889
819,Bodelicious,0.555432849,0.781395349,0.665260901,0.630848482,0.778682391
820,Chris295424,0.68203231,0.959498302,0.766807639,0.721229587,0.956166981
821,AliceMadera_CA,0.621982406,0.875018755,0.706524337,0.572119831,0.968945923
822,BBunbun,0.684059403,0.962350061,0.796541182,0.684400443,0.959008839
823,Ashiyadudeman,0.691275854,0.972502326,0.833101591,0.6365319,0.969125856
824,ElizabethBL,0.555432849,0.781395349,0.974736672,0.479831952,0.778682391
825,BSAP,0.584286503,0.821987315,0.731577138,0.673996062,0.819133424
826,CanadaMatt,0.698770358,0.983045761,0.860565205,0.609896639,0.979632685
827,EMTBStation53,0.690123647,0.970881376,0.706895883,0.647059296,0.967510534
828,Anneks,0.630112895,0.886456908,0.834065867,0.63695016,0.883379183
829,AJ002,0.636924927,0.896040226,0.739406138,0.548348711,0.892929228
830,Bronz01,0.752759306,0.898898409,0.604620379,0.707037002,0.92279703
831,EarnyinLA,0.647697441,0.911195241,0.543681134,0.653620816,0.908031625
832,ATCMC,0.476085299,0.669767442,0.714495683,0.507289503,0.667442049
833,AussieTraveller1983,0.701202555,0.986467431,0.77129152,0.620094274,0.983042475
834,CasaRoscoe,0.738354393,0.937674419,0.645590831,0.603546058,0.934418869
835,10179k79,0.768407452,0.954418605,0.613844832,0.700303342,0.95110492
836,Couscous4,0.692487707,0.974207188,0.827676621,0.625468758,0.970824799
837,Andriegel,0.697023087,0.980587662,0.866839622,0.589303774,0.97718312
838,Dynamite2010,0.396737749,0.558139535,0.84901214,0.536463151,0.556201708
839,DoAsTheLocalsDo,0.693428587,0.975530839,0.792609051,0.629378735,0.972143855
840,29grapes,0.684372617,0.962790698,0.688064379,0.627669187,0.959447946
841,Canoe4770,0.664877745,0.935364876,0.667296926,0.714746554,0.932117345
842,EBNY_15,0.571302359,0.80372093,0.874971456,0.564613162,0.800930459
843,DrNostromo,0.454445058,0.639323467,0.618839536,0.515069142,0.711208711
844,AtomicTraveller,0.668055177,0.939834959,0.776240942,0.653954836,0.936571908
845,DMcCHarrogate,0.571302359,0.80372093,0.598072083,0.699733215,0.800930459
846,DRoachBlackRock,0.660231499,0.928828434,0.823718447,0.709260911,0.925603597
847,Andysa59,0.396737749,0.558139535,0.520194134,0.643433193,0.556201708
848,124_10,0.454445058,0.639323467,0.421548732,0.600645176,0.637103774
849,74gremlin,0.510091392,0.717607973,0.70989683,0.495320827,0.715116481
850,Cher_T,0.584286503,0.821987315,0.762893138,0.755497046,0.819133424
851,Bonbon1399,0.668055177,0.939834959,0.78702186,0.682012552,0.936571908
852,Bigredbard,0.578103577,0.813289037,0.651721336,0.557857159,0.810465346
853,Bookflyer,0.69557917,0.978556327,0.781314315,0.630848482,0.975158838
854,Arnie_MD,0.670847466,0.943763214,0.790836647,0.640141807,0.940486524
855,Doratheexplorer41,0.14282559,0.200930233,0.520194134,0,0.200232615
856,Alycidon,0.680912695,0.957923202,0.603365747,0.751661706,0.95459735
857,19Cam,0.716975279,0.996661889,0.789405689,0.663037264,0.993201539
858,Analisa,0.589931783,0.829929221,0.535140407,0.740678686,0.827047757
859,ECB2010,0.658117913,0.925854993,0.539923214,0.583529969,0.92264048
860,Bertybign,0.719868351,0.988576744,0.767798054,0.683815458,0.985144465
861,AusBeagle,0.696710193,0.980147476,0.783450268,0.73924685,0.976744462
862,Barney2009,0.454445058,0.639323467,0.618839536,0.515069142,0.637103774
863,Charles_Orleans,0.684059403,0.962350061,0.656618626,0.629777443,0.990881004
864,David186336,0.689713317,0.970304114,0.79231938,0.67294217,0.966935277
865,Bignbeefy,0.695816975,0.978890877,0.843708624,0.589603107,0.975492226
866,BirminghamJollyBoy,0.680912695,0.957923202,0.719419161,0.701322863,0.95459735
867,ChaletLaGiettaz,0.663118809,0.932890365,0.726452701,0.616204455,0.929651426
868,Aives,0.691984446,0.973499189,0.890114391,0.589948172,0.970119258
869,Family1192,0.632513325,0.889833887,0.645918666,0.630848482,0.886744437
870,Burgeoning_traveller,0.694827193,0.977498429,0.704734852,0.644888567,0.988013216
871,Craigy,0.695210651,0.978037887,0.781056419,0.634875589,0.974642198
872,Albymorkel,0.675526437,0.950345695,0.635055218,0.663947995,0.947046151
873,CheshireMatt,0.681294479,0.958460305,0.631074624,0.638457842,0.989924533
874,Bonnotgirl,0.682737709,0.960490672,0.582304202,0.68622121,0.990424024
875,A2Mich_Traveler,0.555432849,0.781395349,0.742629844,0.832203855,0.944309277
876,Anarusso01,0.589931783,0.829929221,0.774280775,0.740678686,0.827047757
877,DeiseBlue,0.624861955,0.879069767,0.801280494,0.70554483,0.87601769
878,Earsby,0.618910888,0.870697674,0.809327208,0.636055948,0.867674664
879,DelightsInTraveling,0.642715153,0.904186047,0.676171906,0.626976263,0.901046767
880,AnshumanGoyal,0.535595961,0.753488372,0.574997135,0.657695865,0.750872306
881,CalalilyD,0.776274046,0.837209302,0.613120962,0.764355849,0.834302562
882,243345,0.624861955,0.879069767,0.886136754,0.650334486,0.87601769
883,Birdbrain72,0.61210967,0.861129568,0.794209139,0.52457759,0.858139778
884,CanberraJenny,0.655831789,0.922638823,0.574997135,0.643433193,0.919435476
885,Cryjam,0.638956585,0.898898409,0.764585895,0.730165659,0.895777487
886,CaliGirl521,0.584286503,0.821987315,0.574997135,0.673996062,0.90911407
887,Busterkitty,0.595106623,0.837209302,0.670306702,0.80156282,0.959140703
888,ALiEN2108,0.718006809,0.999205899,0.77338846,0.648948609,0.995736716
889,Button_382,0.632513325,0.889833887,0.665260901,0.580509639,0.886744437
890,12ReasonsWhy,0.584286503,0.821987315,0.512365134,0.592495077,0.819133424
891,DarlingtonWatsons,0.664013706,0.934149327,0.813781639,0.612870324,0.930906016
892,ChrisCork_Ireland,0.675526437,0.950345695,0.770185906,0.699116228,0.947046151
893,Distrubbed,0.563785222,0.793145655,0.538461801,0.762288795,0.790391901
894,ElisaDP,0.510091392,0.717607973,0.659309444,0.561148545,0.715116481
895,FY1,0.684979869,0.963644993,0.65409425,0.658872168,0.961306804
896,Alicanteman,0.68556283,0.964465116,0.814137503,0.671526335,0.991400301
897,CEO85,0.584286503,0.821987315,0.762893138,0.592495077,0.819133424
898,ExPatinNica,0.681294479,0.958460305,0.646368485,0.668309947,0.955132588
899,BrooklynRider,0.694152341,0.976549032,0.758702969,0.610287546,0.994356634
900,AspiringFoodie,0.640884056,0.901610018,0.840359035,0.722253224,0.898479682
901,DavidCF36,0.693277497,0.975318282,0.771643197,0.656017904,0.971932035
902,DawnD57,0.660231499,0.928828434,0.659309444,0.610519334,0.963989438
903,AnnieGee_11,0.396737749,0.558139535,0.84901214,0.750403235,0.556201708
904,ElevenThirty,0.523693829,0.736744186,0.496707134,0.612870324,0.932126321
905,BaronVonNick,0.686661489,0.966010733,0.726104439,0.711977103,0.962656802
906,DrRingDing,0.647697441,0.911195241,0.778551139,0.7351218,0.908031625
907,Carol34859,0.624861955,0.879069767,0.69521017,0.539913797,0.87601769
908,Esskaywe,0.66219137,0.931585624,0.721138471,0.635509486,0.928351214
909,Eagle7345,0.671493444,0.944671989,0.614853863,0.559153766,0.941392144
910,DaisyCat27,0.66219137,0.931585624,0.76985225,0.603814659,0.928351214
911,ElleSheri,0.695210651,0.978037887,0.728445538,0.703336416,0.974642198
912,Anrmd,0.72295116,0.992286225,0.828714732,0.60909713,0.988841067
913,Disney2007,0.677969571,0.953782749,0.70989683,0.594062404,0.950471273
914,ASN1972,0.723290514,0.979054955,0.705681214,0.692803981,0.988771862
915,ALLIGATOR9,0.731559171,0.956234239,0.660543283,0.586034634,0.952914251
916,Du13,0.740597583,0.931585624,0.757673805,0.698899141,0.928351214
917,AdiPanait,0.661229582,0.930232558,0.72803193,0.574810902,0.927002846
918,CaptBill64,0.595106623,0.837209302,0.841863923,0.541114022,0.834302562
919,Equity,0.678421551,0.954418605,0.605520325,0.613644067,0.96445999
920,Crystal2161,0.702609755,0.988447112,0.720546806,0.678945514,0.985015283
921,FabulousMom,0.686394824,0.965635584,0.716840196,0.647628096,0.962282955
922,DannoE,0.599867476,0.843906977,0.574997135,0.786059916,0.840976982
923,Dee-ward,0.644456929,0.906636415,0.717484938,0.600645176,0.903488628
924,CubsFanMichigan,0.595106623,0.837209302,0.613120962,0.578320993,0.917118331
925,DebRichM,0.693428587,0.975530839,0.667802217,0.654364438,0.972143855
926,Familyof4Scotland,0.658117913,0.925854993,0.776672179,0.651990796,0.92264048
927,BizLisTrotter,0.672120422,0.945554036,0.836742811,0.608308701,0.942271129
928,CRobDerbyshire,0.721346939,0.98445717,0.724459865,0.63695016,0.981039193
929,Doobie95,0.523693829,0.736744186,0.731577138,0.612870324,0.734186254
930,AlNic,0.636924927,0.896040226,0.739406138,0.667204313,0.892929228
931,DCBiztraveler,0.636924927,0.896040226,0.593264802,0.690975434,0.974315448
932,Audi268,0.655831789,0.922638823,0.766807639,0.625604852,0.919435476
933,F14Captain,0.652029866,0.917290192,0.881893941,0.714746554,0.914105415
934,ClayDublin,0.656997712,0.92427907,0.624207993,0.743854049,0.921070028
935,Chats2092,0.656997712,0.92427907,0.637629136,0.534280089,0.921070028
936,Davethedogg,0.682737709,0.960490672,0.691910204,0.752780347,0.957155906
937,CJwellsy,0.357063974,0.502325581,0.543681134,0.551744585,0.863089568
938,CPAALP,0.738772091,0.93653922,0.673264585,0.532774528,0.967834986
939,DJTOBY,0.697324938,0.981012312,0.760484215,0.707994993,0.977606296
940,DarienM,0.357063974,0.502325581,0.731577138,0.551744585,0.500581537
941,Bumbi17,0.690123647,0.970881376,0.784920495,0.705076946,0.967510534
942,ChampagneDoberman,0.717398795,0.995476266,0.796717286,0.652734936,0.992020032
943,ElaineRadin,0.494396272,0.695527728,0.574997135,0.786059916,0.693112897
944,CincinnatiSly,0.589931783,0.829929221,0.594925499,0.701780488,0.913298116
945,BorderRambler,0.76428094,0.935364876,0.540384713,0.639679858,0.984206679
946,2Travelers2go,0.737819002,0.993580627,0.635552937,0.644615182,0.931744902
947,AlbertasHome,0.535595961,0.753488372,0.750366738,0.486543798,0.750872306
948,Dharmaboy17,0.599867476,0.843906977,0.712004638,0.679089873,0.840976982
949,Erich75,0.428476769,0.602790698,0.721138471,0.714746554,0.600697844
950,ElizabethDawn,0.691635729,0.973008606,0.668945137,0.646829067,0.993492324
951,AURACE,0.578103577,0.813289037,0.717484938,0.643433193,0.810465346
952,ClarkCreek,0.69181145,0.973255814,0.723439909,0.64511776,0.993552723
953,CanadianinMadrid,0.682388928,0.96,0.747411071,0.631414087,0.956666937
954,Emma654321,0.647697441,0.911195241,0.684603137,0.694371308,0.978150823
955,BandiB,0.694152341,0.976549032,0.791121646,0.622340508,0.973158513
956,Esthersnippe,0.691091563,0.972243061,0.735396162,0.645172543,0.968867491
957,DevonSophie25,0.621982406,0.875018755,0.618839536,0.714746554,0.871980742
958,Eugene3739,0.546097843,0.768262654,0.684603137,0.643433193,0.819941597
959,Barbie892,0.655831789,0.922638823,0.574997135,0.607776512,0.919435476
960,CiteCR,0.357063974,0.502325581,0.919473141,0.673996062,0.500581537
961,Beverley29,0.680912695,0.957923202,0.603365747,0.691255094,0.967050796
962,CJKatl,0.720058904,0.988045358,0.822406534,0.699359439,0.984614924
963,Eurail,0.672120422,0.945554036,0.807296423,0.595536159,0.942271129
964,EnglandJa,0.722790738,0.980442701,0.778266448,0.626577307,0.977038663
965,Atl30309,0.659195029,0.927370304,0.678155725,0.714746554,0.982211809
966,ChicagoFamily2010,0.656997712,0.92427907,0.583944564,0.639067069,0.921070028
967,2000AtlanticGT,0.599867476,0.843906977,0.766807639,0.643433193,0.840976982
968,Bristo,0.571302359,0.80372093,0.771134191,0.519573144,0.800930459
969,CAHeadHunter,0.694291061,0.976744186,0.719094536,0.644929277,0.973352989
970,Buquing,0.690713917,0.97171178,0.736235717,0.606303095,0.968338055
971,DocSurf,0.696162465,0.97937692,0.817795241,0.586563044,0.975976582
972,Familyman54,0.357063974,0.502325581,0.543681134,0.551744585,0.500581537
973,CupcakeCaz,0.589931783,0.829929221,0.475355315,0.585085897,0.869365636
974,ASWh,0.703266687,0.989371297,0.677072954,0.736521626,0.985936259
975,ASK_THE_LEYLANDS,0.736816206,0.941860465,0.710699804,0.592495077,0.955138572
976,BigBlueOcean7,0.681667587,0.958985201,0.786650104,0.6557286,0.955655662
977,Bondsammax,0.656997712,0.92427907,0.61078685,0.673996062,0.981438287
978,CMC777,0.684679373,0.963222249,0.622949761,0.670175703,0.959877999
979,ChloeTeah,0.655831789,0.922638823,0.766807639,0.750403235,0.919435476
980,CarrieAndy,0.563785222,0.793145655,0.648067803,0.619662072,0.893772569
981,BillsMaryland,0.584286503,0.821987315,0.794209139,0.592495077,0.819133424
982,Brinoabroad,0.396737749,0.558139535,0.684603137,0.750403235,0.556201708
983,77pearl,0.476085299,0.669767442,0.535140407,0.507289503,0.667442049
984,DC20something,0.688623379,0.968770764,0.752736598,0.606812818,0.96540725
985,DRNS-London,0.563785222,0.793145655,0.574997135,0.762288795,0.790391901
986,ChrisNCL,0.730557376,0.958985201,0.733736862,0.616383297,0.990053712
987,5hreek,0.677506002,0.95313059,0.72303641,0.607313438,0.949821378
988,AJW123,0.589931783,0.829929221,0.594925499,0.585085897,0.957230595
989,CambridgeDon,0.649207226,0.913319239,0.692250067,0.548901528,0.910148249
990,DaveJC,0.700056461,0.984855081,0.818083714,0.658260723,0.981435723
991,CLVan78,0.757441895,0.886456908,0.654710591,0.688814423,0.883379183
992,Dreemz05,0.658117913,0.925854993,0.697755857,0.634875589,0.92264048
993,Alfapair,0.658117913,0.925854993,0.82928306,0.68622121,0.92264048
994,ElaineF57,0.494396272,0.695527728,0.410588132,0.264303451,0.840077317
995,Ellen22,0.67886237,0.95503876,0.553075935,0.589948172,0.989081642
996,Dr_Muneera,0.61210967,0.861129568,0.672424692,0.6513569,0.929569404
997,AwSnowboarder,0.584286503,0.821987315,0.85684114,0.592495077,0.819133424
998,Bertaccone,0.608331215,0.855813953,0.836365294,0.594062404,0.852842619
999,ChicagoChik77,0.61210967,0.861129568,0.74549536,0.556272418,0.858139778
1000,DSR31,0.494396272,0.695527728,0.794209139,0.572119831,0.693112897
1001,ClovaTheWestie,0.687431576,0.96709411,0.703215477,0.687835852,0.963736417
1002,Anon4444,0.725472077,0.973008606,0.877718474,0.640037318,0.969630379
1003,BizLeisureFred,0.70232418,0.988045358,0.797847513,0.688706821,0.984614924
1004,CA*PastryChef,0.68203231,0.959498302,0.856485277,0.643433193,0.956166981
1005,CarolinainDallas,0.66219137,0.931585624,0.648067803,0.698899141,0.928351214
1006,Badlydrawngirl,0.717719306,0.994579472,0.830010095,0.640207965,0.991126352
1007,DadRob,0.680912695,0.957923202,0.73489295,0.590577407,0.95459735
1008,Barnaby_Jones,0.428476769,0.602790698,0.867279807,0.52457759,0.600697844
1009,Acatchyscreenname,0.670847466,0.943763214,0.831306555,0.626976263,0.940486524
1010,Beaverlea_10,0.666519418,0.937674419,0.723615443,0.676068121,0.934418869
1011,Ainom,0.652029866,0.917290192,0.794209139,0.695729658,0.914105415
1012,Avishai625,0.640884056,0.901610018,0.54615345,0.542093153,0.898479682
1013,Cared200,0.589931783,0.829929221,0.804173321,0.623984094,0.827047757
1014,Deedotdee,0.428476769,0.602790698,0.428855799,0.714746554,0.600697844
1015,0BKI0,0.667299886,0.938772398,0.772287939,0.62917052,0.935513036
1016,AnaS1,0.664013706,0.934149327,0.966447142,0.490618847,0.930906016
1017,Bockman,0.652029866,0.917290192,0.750366738,0.657695865,0.914105415
1018,Boroko,0.510091392,0.717607973,0.406372517,0.626976263,0.715116481
1019,4959keeton,0.709168726,0.997674419,0.745791879,0.661664609,0.994210553
1020,DawgmanOH,0.690713917,0.97171178,0.855805901,0.648737492,0.968338055
1021,Eklondon,0.523693829,0.736744186,0.590655135,0.612870324,0.734186254
1022,AmyKinPhX,0.679712143,0.956234239,0.684603137,0.669523447,0.952914251
1023,801Milles,0.686923074,0.966378738,0.785777908,0.561148545,0.963023528
1024,FamilyTravelJunkkie,0.738772091,0.93653922,0.729957345,0.739337369,0.933287611
1025,DD31,0.494396272,0.695527728,0.574997135,0.643433193,0.693112897
1026,AnotherNIteOnTheRoad,0.698080129,0.982074732,0.76077002,0.661563708,0.978665027
1027,ANCY65441,0.578103577,0.813289037,0.553075935,0.771797243,0.810465346
1028,Edinburgh3,0.656997712,0.92427907,0.61078685,0.691460559,0.981438287
1029,Evangelista,0.656997712,0.92427907,0.704734852,0.656531565,0.921070028
1030,EmilyDublin,0.661229582,0.930232558,0.65358257,0.720128695,0.927002846
1031,Bruinsmith,0.695457936,0.978385773,0.732195217,0.665953202,0.974988876
1032,BeatriceNY,0.428476769,0.602790698,0.648067803,0.904915518,0.600697844
1033,BusyTrveller,0.624861955,0.879069767,0.61035391,0.622729314,0.938807297
1034,AliDUk,0.693277497,0.975318282,0.786149874,0.630848482,0.971932035
1035,CTA76,0.684372617,0.962790698,0.750366738,0.645685194,0.959447946
1036,BobWritesAReview,0.687678765,0.96744186,0.749137512,0.653430393,0.96408296
1037,Dimitris_Athens_8,0.589931783,0.829929221,0.863958413,0.701780488,0.827047757
1038,Adam20191,0.624861955,0.879069767,0.61035391,0.567518969,0.87601769
1039,ChezmossAustralia,0.659195029,0.927370304,0.587891959,0.614068867,0.92415053
1040,Abigailadamsn00,0.73245308,0.953782749,0.558134673,0.616004977,0.950471273
1041,BrisbaneMegan,0.669494951,0.941860465,0.668945137,0.714746554,0.970480073
1042,4alive,0.555432849,0.781395349,0.665260901,0.580509639,0.778682391
1043,Brenrick,0.428476769,0.602790698,0.721138471,0.809831036,0.600697844
1044,Cthusky322,0.61210967,0.861129568,0.648067803,0.714746554,0.858139778
1045,Danglebone,0.694695895,0.977313716,0.756672837,0.663947995,0.973920541
1046,Etien,0.535595961,0.753488372,0.706524337,0.714746554,0.750872306
1047,DJChud,0.676542267,0.951774786,0.706524337,0.669106003,0.988276213
1048,Amaryllis2011,1,0.334883721,0.487312333,0.942949311,0.333721025
1049,Blue_Norseman,0.688623379,0.968770764,0.829757032,0.614522371,0.96540725
1050,DKrauter,0.584286503,0.821987315,0.637629136,0.592495077,0.819133424
1051,Carltona,0.659195029,0.927370304,0.72973502,0.714746554,0.92415053
1052,Aussiepilot,0.689288715,0.969706775,0.788440402,0.684719876,0.966340011
1053,AnnieW69,0.665712494,0.93653922,0.616571825,0.51802004,0.967834986
1054,1969ws,0.700460428,0.985423389,0.747837369,0.614633566,0.982002058
1055,Aylab,0.798207963,0.781395349,0.510523016,0.630848482,0.716894091
1056,Coe-8,0.578103577,0.813289037,0.651721336,0.472281125,0.810465346
1057,DCreelman,0.624861955,0.879069767,0.801280494,0.70554483,0.87601769
1058,Andrea13,0.721186517,0.994753122,0.860784637,0.63656598,0.991299398
1059,Canboy,0.689288715,0.969706775,0.834590298,0.639679858,0.966340011
1060,Bob_the_Aussie,0.695084536,0.977860465,0.744187608,0.641997353,0.974465392
1061,Advisor1803,0.546097843,0.768262654,0.807909889,0.750403235,0.765595292
1062,Domenicd2000,0.700717095,0.985784474,0.734236044,0.643433193,0.98236189
1063,1975mark,0.660231499,0.928828434,0.558134673,0.659890122,0.963989438
1064,Breamo,0.672120422,0.945554036,0.79748096,0.646626328,0.942271129
1065,ABitSpoiled,0.720966992,0.98551495,0.708202515,0.65059865,0.982093301
1066,DragonMelbourne,0.740597583,0.931585624,0.538461801,0.619662072,0.929569404
1067,Edstr,0.14282559,0.200930233,0.684603137,0.643433193,0.200232615
1068,DCS2009,0.546097843,0.768262654,0.84901214,0.696918214,0.765595292
1069,Crumpet2009,0.664877745,0.935364876,0.621147031,0.639679858,0.984206679
1070,AlexandrP,0.428476769,0.602790698,0.721138471,0.619662072,0.600697844
1071,ArcheryFamily-NJ,0.692322515,0.973974791,0.720014307,0.692803981,0.970593209
1072,Blaze14,0.697805024,0.981687708,0.816886243,0.660646763,0.978279347
1073,BTH1,0.618910888,0.870697674,0.695941689,0.547529017,0.867674664
1074,BeMySamaritan,0.627566985,0.882875264,0.602398636,0.616690682,0.879809974
1075,CathyOhio,0.749861955,0.95503876,0.725705388,0.61134218,0.951722922
1076,AnnieHEngland,0.673895388,0.948051097,0.571865535,0.649545767,0.932126321
1077,Briteyes,0.652029866,0.917290192,0.662681937,0.676712761,0.914105415
1078,Boilers0809,0.584286503,0.821987315,0.668945137,0.714746554,0.819133424
1079,ABrotmann,0.60426211,0.850089445,0.697755857,0.73756683,0.847137986
1080,ChrisandCarlos,0.771302359,0.925854993,0.579381375,0.617760383,0.943172202
1081,CathP,0.702372756,0.988113695,0.787868296,0.673490891,0.984683023
1082,Brian72,0.74109701,0.930232558,0.678399024,0.67168943,0.946454704
1083,FSHK,0.743298566,0.92427907,0.489996562,0.604138075,0.843364781
1084,Doloads,0.636924927,0.896040226,0.66633547,0.572119831,0.892929228
1085,Donstep,0.636924927,0.896040226,0.757673805,0.595890952,0.974315448
1086,Duggars,0.396737749,0.558139535,0.766807639,0.190885826,0.556201708
1087,Alison186470,0.476085299,0.669767442,0.415570223,0.662882291,0.667442049
1088,DCLW,0.676542267,0.951774786,0.715292818,0.657695865,0.948470281
1089,Briman111,0.767067217,0.861129568,0.74549536,0.619662072,0.858139778
1090,Britannic,0.656997712,0.92427907,0.516838848,0.639067069,0.961713501
1091,FES,0.73293532,0.952461492,0.823052824,0.654693197,0.949154603
1092,CalCountryView,0.667299886,0.938772398,0.585957735,0.714746554,0.935513036
1093,BergenRoy,0.688849083,0.96908829,0.731577138,0.689277497,0.99253348
1094,Chilly2525,0.745200997,0.919148936,0.656010267,0.689941907,0.915957706
1095,Bubblebooo,0.563785222,0.793145655,0.611532469,0.619662072,0.947467822
1096,AlvinTSingapore,0.708697317,0.99701123,0.787945939,0.672366042,0.993549667
1097,Baldvin_and_Grace,0.681667587,0.958985201,0.77909107,0.695073903,0.955655662
